trade_id,symbol,direction,entry_date,original_exit_date,forced_close_time,entry_price,original_profit_usd,forced_close_pnl,pnl_difference
3,SPX500_USD,bullish,2023-01-09 00:00:00+00:00,2023-05-22 00:00:00+00:00,2023-03-13 09:00:00+00:00,3968.793,582.06,0.0,-582.06
17,XAU_USD,bearish,2023-02-09 00:00:00+00:00,2023-03-17 00:00:00+00:00,2023-03-13 09:00:00+00:00,1862.8517604980468,-373.17,0.0,373.17
21,NAS100_USD,bullish,2023-02-21 00:00:00+00:00,2023-03-22 00:00:00+00:00,2023-03-13 09:00:00+00:00,12123.69,582.95,0.0,-582.95
22,NAS100_USD,bullish,2023-02-23 00:00:00+00:00,2023-03-22 00:00:00+00:00,2023-03-13 09:00:00+00:00,12123.69,582.95,0.0,-582.95
25,XAU_USD,bearish,2023-03-03 00:00:00+00:00,2023-03-17 00:00:00+00:00,2023-03-13 09:00:00+00:00,1845.6864301757807,-390.24,0.0,390.24
26,BTC_USD,bullish,2023-03-12 00:00:00+00:00,2023-03-15 00:00:00+00:00,2023-03-13 09:00:00+00:00,22163.94921875,856.94,0.0,-856.94
37,NZD_CAD,bullish,2023-03-12 21:00:00+00:00,2023-03-19 21:00:00+00:00,2023-03-13 09:00:00+00:00,0.84772966,546.93,106.12534242958728,-440.8046575704127
28,GBP_NZD,bullish,2023-03-12 21:00:00+00:00,2023-03-16 21:00:00+00:00,2023-03-13 09:00:00+00:00,1.9428452,565.97,328.78628957184475,-237.18371042815528
29,GBP_NZD,bullish,2023-03-12 21:00:00+00:00,2023-03-21 21:00:00+00:00,2023-03-13 09:00:00+00:00,1.9455383,569.98,205.0292901234413,-364.9507098765587
30,EUR_NZD,bullish,2023-03-12 21:00:00+00:00,2023-03-14 21:00:00+00:00,2023-03-13 09:00:00+00:00,1.71933652,-390.9,236.97523086660397,627.8752308666039
31,USD_JPY,bullish,2023-03-12 21:00:00+00:00,2023-03-19 21:00:00+00:00,2023-03-13 09:00:00+00:00,133.295704,-383.94,-8.83480423468621,375.1051957653138
32,CHF_JPY,bullish,2023-03-12 21:00:00+00:00,2023-03-14 21:00:00+00:00,2023-03-13 09:00:00+00:00,145.33184,562.83,138.0197876402139,-424.81021235978614
33,GBP_JPY,bullish,2023-03-12 21:00:00+00:00,2023-03-14 21:00:00+00:00,2023-03-13 09:00:00+00:00,161.996972,-386.2,-195.76371040511418,190.4362895948858
34,GBP_JPY,bullish,2023-03-12 21:00:00+00:00,2023-03-14 21:00:00+00:00,2023-03-13 09:00:00+00:00,162.215,-384.94,-212.427723516427,172.512276483573
35,EUR_GBP,bullish,2023-03-12 21:00:00+00:00,2023-03-14 21:00:00+00:00,2023-03-13 09:00:00+00:00,0.8799350199999999,-430.75,199.12686958564134,629.8768695856413
36,EUR_GBP,bullish,2023-03-12 21:00:00+00:00,2023-03-14 21:00:00+00:00,2023-03-13 09:00:00+00:00,0.8817915399999999,-422.2,77.64504205229791,499.8450420522979
38,EUR_JPY,bullish,2023-03-12 21:00:00+00:00,2023-03-14 21:00:00+00:00,2023-03-13 09:00:00+00:00,143.533402,-396.47,-429.5137686959617,-33.04376869596166
39,NZD_USD,bearish,2023-03-12 21:00:00+00:00,2023-03-22 21:00:00+00:00,2023-03-13 09:00:00+00:00,0.6199438199999999,-404.02,119.04834340448798,523.0683434044879
44,ETH_USD,bearish,2023-03-13 00:00:00+00:00,2023-03-14 00:00:00+00:00,2023-03-13 09:00:00+00:00,1619.3493232421874,-390.38,0.0,390.38
43,XAG_USD,bearish,2023-03-13 00:00:00+00:00,2023-03-17 00:00:00+00:00,2023-03-13 09:00:00+00:00,21.185558467864997,-393.1,0.0,393.1
40,BTC_USD,bearish,2023-03-13 00:00:00+00:00,2023-03-14 00:00:00+00:00,2023-03-13 09:00:00+00:00,22910.16466015625,-391.18,0.0,391.18
41,BTC_USD,bearish,2023-03-13 00:00:00+00:00,2023-03-14 00:00:00+00:00,2023-03-13 09:00:00+00:00,22392.53227734375,-390.97,0.0,390.97
42,XAG_USD,bearish,2023-03-13 00:00:00+00:00,2023-03-17 00:00:00+00:00,2023-03-13 09:00:00+00:00,21.393060123443604,-394.08,0.0,394.08
45,USD_CAD,bullish,2023-03-13 21:00:00+00:00,2023-03-29 21:00:00+00:00,2023-03-15 10:00:00+00:00,1.36717078,-393.42,195.649751126836,589.0697511268361
59,EUR_GBP,bullish,2023-03-14 21:00:00+00:00,2023-05-04 21:00:00+00:00,2023-03-15 10:00:00+00:00,0.88086,-408.87,-19.21453411593203,389.65546588406795
58,EUR_GBP,bullish,2023-03-14 21:00:00+00:00,2023-03-19 21:00:00+00:00,2023-03-15 10:00:00+00:00,0.8817915399999999,-422.65,-57.97428492321197,364.67571507678804
60,NZD_CHF,bearish,2023-03-14 21:00:00+00:00,2023-04-26 21:00:00+00:00,2023-03-15 10:00:00+00:00,0.57766,1039.06,174.0787858987397,-864.9812141012602
57,GBP_JPY,bearish,2023-03-14 21:00:00+00:00,2023-03-16 21:00:00+00:00,2023-03-15 10:00:00+00:00,163.230992,1039.86,562.7225308259921,-477.13746917400783
63,EUR_JPY,bullish,2023-03-14 21:00:00+00:00,2023-03-15 21:00:00+00:00,2023-03-15 10:00:00+00:00,143.533402,-413.99,-498.2151539408844,-84.22515394088441
64,EUR_JPY,bearish,2023-03-14 21:00:00+00:00,2023-03-15 21:00:00+00:00,2023-03-15 10:00:00+00:00,144.765734,1209.3,1018.9868997341941,-190.31310026580582
65,EUR_JPY,bearish,2023-03-14 21:00:00+00:00,2023-03-16 21:00:00+00:00,2023-03-15 10:00:00+00:00,144.36578,1042.09,608.7467424943818,-433.3432575056181
61,EUR_USD,bearish,2023-03-14 21:00:00+00:00,2023-03-20 21:00:00+00:00,2023-03-15 10:00:00+00:00,1.06367652,-402.3,37.569171642036,439.869171642036
56,GBP_USD,bullish,2023-03-14 21:00:00+00:00,2023-03-30 21:00:00+00:00,2023-03-15 10:00:00+00:00,1.2033,572.98,51.30015686359075,-521.6798431364093
62,EUR_USD,bullish,2023-03-14 21:00:00+00:00,2023-03-22 21:00:00+00:00,2023-03-15 10:00:00+00:00,1.06113226,1036.66,51.92976846298682,-984.7302315370133
54,GBP_CHF,bearish,2023-03-14 21:00:00+00:00,2023-03-19 21:00:00+00:00,2023-03-15 10:00:00+00:00,1.12415306,-401.99,427.21904055291265,829.2090405529127
53,CHF_JPY,bullish,2023-03-14 21:00:00+00:00,2023-03-19 21:00:00+00:00,2023-03-15 10:00:00+00:00,143.428002,-405.48,296.06721478051395,701.547214780514
52,CHF_JPY,bullish,2023-03-14 21:00:00+00:00,2023-03-15 21:00:00+00:00,2023-03-15 10:00:00+00:00,145.33184,-410.12,-126.0318306597948,284.0881693402052
51,EUR_AUD,bullish,2023-03-14 21:00:00+00:00,2023-03-21 21:00:00+00:00,2023-03-15 10:00:00+00:00,1.5882891,571.13,201.066629267013,-370.063370732987
50,USD_CHF,bearish,2023-03-14 21:00:00+00:00,2023-04-03 21:00:00+00:00,2023-03-15 10:00:00+00:00,0.93076574,565.15,206.95689701790783,-358.1931029820921
49,USD_CHF,bullish,2023-03-14 21:00:00+00:00,2023-04-03 21:00:00+00:00,2023-03-15 10:00:00+00:00,0.92420972,-393.26,-52.53966362476019,340.7203363752398
55,GBP_CHF,bearish,2023-03-14 21:00:00+00:00,2023-03-19 21:00:00+00:00,2023-03-15 10:00:00+00:00,1.12201386,-414.04,283.79457479716126,697.8345747971613
48,EUR_NZD,bullish,2023-03-14 21:00:00+00:00,2023-03-16 21:00:00+00:00,2023-03-15 10:00:00+00:00,1.71933652,-406.78,-114.01628272735213,292.76371727264785
47,EUR_NZD,bullish,2023-03-14 21:00:00+00:00,2023-03-16 21:00:00+00:00,2023-03-15 10:00:00+00:00,1.72106,-405.83,-143.9463402340466,261.8836597659534
46,EUR_NZD,bullish,2023-03-14 21:00:00+00:00,2023-03-16 21:00:00+00:00,2023-03-15 10:00:00+00:00,1.69902304,568.74,298.3362441495824,-270.4037558504176
69,AUD_USD,bearish,2023-03-16 21:00:00+00:00,2023-05-31 21:00:00+00:00,2023-05-02 08:00:00+00:00,0.67222432,834.9,86.57839272000666,-748.3216072799933
79,EUR_GBP,bullish,2023-03-20 21:00:00+00:00,2023-05-08 21:00:00+00:00,2023-05-02 08:00:00+00:00,0.8817915399999999,-413.86,-62.708332480544904,351.1516675194551
83,EUR_JPY,bullish,2023-03-21 21:00:00+00:00,2023-05-02 21:00:00+00:00,2023-05-02 08:00:00+00:00,143.533402,578.08,528.685784622692,-49.394215377308
104,AUD_JPY,bullish,2023-03-30 21:00:00+00:00,2023-06-18 21:00:00+00:00,2023-05-02 08:00:00+00:00,88.812,1052.49,378.6910360512956,-673.7989639487043
111,XAU_USD,bullish,2023-04-04 00:00:00+00:00,2023-05-05 00:00:00+00:00,2023-05-02 08:00:00+00:00,1997.4181662597653,582.97,0.0,-582.97
116,GBP_CHF,bearish,2023-04-06 21:00:00+00:00,2023-06-14 21:00:00+00:00,2023-05-02 08:00:00+00:00,1.12422,-387.03,75.27623701815351,462.30623701815347
120,NZD_USD,bearish,2023-04-09 21:00:00+00:00,2023-05-07 21:00:00+00:00,2023-05-02 08:00:00+00:00,0.6199438199999999,-395.92,19.815406365179776,415.7354063651798
121,XAU_USD,bullish,2023-04-10 00:00:00+00:00,2023-05-05 00:00:00+00:00,2023-05-02 08:00:00+00:00,1997.4181662597653,582.94,0.0,-582.94
122,BTC_USD,bullish,2023-04-10 00:00:00+00:00,2023-05-12 00:00:00+00:00,2023-05-02 08:00:00+00:00,28501.794933593752,-374.12,0.0,374.12
123,GBP_CHF,bearish,2023-04-10 21:00:00+00:00,2023-06-12 21:00:00+00:00,2023-05-02 08:00:00+00:00,1.12201386,-389.02,38.25915093722305,427.27915093722305
125,USD_JPY,bullish,2023-04-11 21:00:00+00:00,2023-05-18 21:00:00+00:00,2023-05-02 08:00:00+00:00,133.177,576.58,396.7180525196356,-179.86194748036445
126,NAS100_USD,bearish,2023-04-12 00:00:00+00:00,2023-05-10 00:00:00+00:00,2023-05-02 08:00:00+00:00,13123.8995,-373.75,0.0,373.75
131,AUD_CAD,bearish,2023-04-12 21:00:00+00:00,2023-05-18 21:00:00+00:00,2023-05-02 08:00:00+00:00,0.90576362,553.61,-101.69243628065144,-655.3024362806515
132,ETH_USD,bullish,2023-04-13 00:00:00+00:00,2023-06-10 00:00:00+00:00,2023-05-02 08:00:00+00:00,1925.082858154297,-373.0,0.0,373.0
135,GBP_USD,bullish,2023-04-13 21:00:00+00:00,2023-05-07 21:00:00+00:00,2023-05-02 08:00:00+00:00,1.24542166,563.82,43.38121127550621,-520.4387887244939
137,EUR_USD,bullish,2023-04-16 21:00:00+00:00,2023-05-17 21:00:00+00:00,2023-05-02 08:00:00+00:00,1.09371284,-393.71,95.90970145202127,489.6197014520212
139,GBP_USD,bullish,2023-04-18 21:00:00+00:00,2023-05-03 21:00:00+00:00,2023-05-02 08:00:00+00:00,1.24388,559.99,100.07286953444505,-459.917130465555
140,BTC_USD,bullish,2023-04-19 00:00:00+00:00,2023-05-10 00:00:00+00:00,2023-05-02 08:00:00+00:00,28724.14877734375,-374.45,0.0,374.45
141,ETH_USD,bullish,2023-04-19 00:00:00+00:00,2023-06-10 00:00:00+00:00,2023-05-02 08:00:00+00:00,1952.144828613281,-390.14,0.0,390.14
142,GBP_USD,bullish,2023-04-19 21:00:00+00:00,2023-05-04 21:00:00+00:00,2023-05-02 08:00:00+00:00,1.24436,560.68,82.54892137125329,-478.13107862874665
143,AUD_CAD,bearish,2023-04-19 21:00:00+00:00,2023-05-18 21:00:00+00:00,2023-05-02 08:00:00+00:00,0.90489,556.17,-124.70885843118678,-680.8788584311867
144,NAS100_USD,bearish,2023-04-20 00:00:00+00:00,2023-05-10 00:00:00+00:00,2023-05-02 08:00:00+00:00,13074.25,-373.64,0.0,373.64
148,USD_CAD,bullish,2023-04-20 21:00:00+00:00,2023-06-14 21:00:00+00:00,2023-05-02 08:00:00+00:00,1.35154784,-384.35,81.54130890807475,465.8913089080748
149,AUD_JPY,bullish,2023-04-24 21:00:00+00:00,2023-05-02 21:00:00+00:00,2023-05-02 08:00:00+00:00,88.781588,1039.9,935.0796592286001,-104.82034077139997
150,USD_CAD,bullish,2023-04-24 21:00:00+00:00,2023-06-14 21:00:00+00:00,2023-05-02 08:00:00+00:00,1.35804302,-399.41,-14.835191748766084,384.57480825123395
152,SPX500_USD,bearish,2023-04-25 00:00:00+00:00,2023-05-19 00:00:00+00:00,2023-05-02 08:00:00+00:00,4145.9345,-376.87,0.0,376.87
153,NAS100_USD,bullish,2023-04-25 00:00:00+00:00,2023-05-12 00:00:00+00:00,2023-05-02 08:00:00+00:00,12922.7615,582.67,0.0,-582.67
154,EUR_CHF,bearish,2023-04-25 21:00:00+00:00,2023-05-04 21:00:00+00:00,2023-05-02 08:00:00+00:00,0.98402,544.55,-81.40869348367507,-625.958693483675
155,EUR_CHF,bearish,2023-04-26 21:00:00+00:00,2023-05-04 21:00:00+00:00,2023-05-02 08:00:00+00:00,0.9852427,537.94,-21.070968763619007,-559.0109687636191
156,AUD_NZD,bullish,2023-04-26 21:00:00+00:00,2023-05-10 21:00:00+00:00,2023-05-02 08:00:00+00:00,1.07557088,-411.98,159.67535862360097,571.6553586236009
157,SPX500_USD,bearish,2023-04-27 00:00:00+00:00,2023-05-19 00:00:00+00:00,2023-05-02 08:00:00+00:00,4139.345,-376.54,0.0,376.54
167,EUR_USD,bearish,2023-04-27 21:00:00+00:00,2023-05-18 21:00:00+00:00,2023-05-02 08:00:00+00:00,1.09748,562.91,8.76112652746021,-554.1488734725398
166,NZD_CHF,bearish,2023-04-27 21:00:00+00:00,2023-05-04 21:00:00+00:00,2023-05-02 08:00:00+00:00,0.5529,-421.11,-219.46456228166286,201.64543771833715
165,NZD_CHF,bearish,2023-04-27 21:00:00+00:00,2023-05-04 21:00:00+00:00,2023-05-02 08:00:00+00:00,0.55207868,-432.72,-241.02933285713266,191.69066714286737
164,NZD_CAD,bullish,2023-04-27 21:00:00+00:00,2023-05-25 21:00:00+00:00,2023-05-02 08:00:00+00:00,0.84014278,-389.64,3.5217939870084414,393.1617939870084
162,AUD_NZD,bearish,2023-04-27 21:00:00+00:00,2023-06-05 21:00:00+00:00,2023-05-02 08:00:00+00:00,1.07237964,-385.33,-143.94423129859246,241.38576870140753
160,NZD_JPY,bullish,2023-04-27 21:00:00+00:00,2023-05-02 21:00:00+00:00,2023-05-02 08:00:00+00:00,82.791,833.24,794.7427664361176,-38.497233563882446
169,GBP_NZD,bullish,2023-05-01 21:00:00+00:00,2023-05-22 21:00:00+00:00,2023-05-02 08:00:00+00:00,2.00862,-399.22,62.06011068425586,461.2801106842559
170,EUR_NZD,bullish,2023-05-01 21:00:00+00:00,2023-05-07 21:00:00+00:00,2023-05-02 08:00:00+00:00,1.77371616,-400.92,-30.5086596127868,370.4113403872132
171,EUR_AUD,bullish,2023-05-01 21:00:00+00:00,2023-05-04 21:00:00+00:00,2023-05-02 08:00:00+00:00,1.63814058,569.62,13.997200050232891,-555.6227999497671
172,EUR_AUD,bullish,2023-05-01 21:00:00+00:00,2023-05-08 21:00:00+00:00,2023-05-02 08:00:00+00:00,1.64418382,-384.99,-85.60069153913399,299.389308460866
173,GBP_AUD,bullish,2023-05-01 21:00:00+00:00,2023-05-04 21:00:00+00:00,2023-05-02 08:00:00+00:00,1.86235782,570.93,7.7109423432787825,-563.2190576567211
174,GBP_AUD,bullish,2023-05-01 21:00:00+00:00,2023-06-01 21:00:00+00:00,2023-05-02 08:00:00+00:00,1.866098,572.99,-45.6619911444623,-618.6519911444623
175,CHF_JPY,bullish,2023-05-01 21:00:00+00:00,2023-06-19 21:00:00+00:00,2023-05-02 08:00:00+00:00,152.975,576.88,16.713199281441206,-560.1668007185588
176,AUD_CHF,bearish,2023-05-01 21:00:00+00:00,2023-05-04 21:00:00+00:00,2023-05-02 08:00:00+00:00,0.5984556600000001,549.09,-133.92944651508606,-683.0194465150861
177,AUD_CHF,bearish,2023-05-01 21:00:00+00:00,2023-05-04 21:00:00+00:00,2023-05-02 08:00:00+00:00,0.59746246,548.14,-184.40027851932672,-732.5402785193266
178,XAG_USD,bullish,2023-05-02 00:00:00+00:00,2023-05-05 00:00:00+00:00,2023-05-02 08:00:00+00:00,24.635528728485102,580.41,0.0,-580.41
183,CAD_JPY,bullish,2023-05-02 21:00:00+00:00,2023-05-18 21:00:00+00:00,2023-05-05 12:00:00+00:00,99.35327,570.32,144.65002398877917,-425.6699760112209
182,CAD_JPY,bullish,2023-05-02 21:00:00+00:00,2023-05-08 21:00:00+00:00,2023-05-05 12:00:00+00:00,99.014818,567.96,240.49277354729824,-327.46722645270177
179,GBP_NZD,bullish,2023-05-02 21:00:00+00:00,2023-05-22 21:00:00+00:00,2023-05-05 12:00:00+00:00,2.00514496,-383.16,-11.350531909886122,371.8094680901139
180,USD_JPY,bullish,2023-05-02 21:00:00+00:00,2023-05-18 21:00:00+00:00,2023-05-05 12:00:00+00:00,135.11789199999998,572.39,-21.057168675290743,-593.4471686752908
185,AUD_JPY,bullish,2023-05-03 21:00:00+00:00,2023-05-08 21:00:00+00:00,2023-05-05 12:00:00+00:00,89.346754,567.91,239.67483979592768,-328.23516020407226
186,GBP_JPY,bullish,2023-05-03 21:00:00+00:00,2023-05-17 21:00:00+00:00,2023-05-05 12:00:00+00:00,168.191858,573.92,182.33505486313126,-391.58494513686867
187,EUR_JPY,bullish,2023-05-03 21:00:00+00:00,2023-06-13 21:00:00+00:00,2023-05-05 12:00:00+00:00,148.357198,570.96,-34.481267683987774,-605.4412676839878
196,GBP_AUD,bullish,2023-05-04 21:00:00+00:00,2023-05-31 21:00:00+00:00,2023-05-05 12:00:00+00:00,1.87052,574.5,47.674991860391145,-526.8250081396088
200,EUR_CAD,bullish,2023-05-04 21:00:00+00:00,2023-05-16 21:00:00+00:00,2023-05-05 12:00:00+00:00,1.47946624,-403.98,-12.23145636719844,391.74854363280156
199,USD_CAD,bullish,2023-05-04 21:00:00+00:00,2023-05-07 21:00:00+00:00,2023-05-05 12:00:00+00:00,1.34701348,-411.55,9.092812181907787,420.6428121819078
198,AUD_CHF,bearish,2023-05-04 21:00:00+00:00,2023-06-05 21:00:00+00:00,2023-05-05 12:00:00+00:00,0.59746246,-408.05,-145.40263785167528,262.64736214832476
197,CHF_JPY,bullish,2023-05-04 21:00:00+00:00,2023-05-21 21:00:00+00:00,2023-05-05 12:00:00+00:00,150.814798,571.48,-17.3490365746988,-588.8290365746989
195,EUR_AUD,bullish,2023-05-04 21:00:00+00:00,2023-05-08 21:00:00+00:00,2023-05-05 12:00:00+00:00,1.64418382,-402.25,-118.30300608830173,283.94699391169826
188,EUR_CHF,bearish,2023-05-04 21:00:00+00:00,2023-05-10 21:00:00+00:00,2023-05-05 12:00:00+00:00,0.98232586,538.95,-40.58324794303128,-579.5332479430314
193,USD_CHF,bearish,2023-05-04 21:00:00+00:00,2023-05-17 21:00:00+00:00,2023-05-05 12:00:00+00:00,0.89081,-414.8,-159.68004566053278,255.11995433946723
192,USD_CHF,bearish,2023-05-04 21:00:00+00:00,2023-05-17 21:00:00+00:00,2023-05-05 12:00:00+00:00,0.89374416,-403.96,-78.67540923044862,325.28459076955136
191,USD_CHF,bearish,2023-05-04 21:00:00+00:00,2023-05-16 21:00:00+00:00,2023-05-05 12:00:00+00:00,0.8896221,-412.86,-183.4651572222843,229.39484277771572
190,GBP_CAD,bullish,2023-05-04 21:00:00+00:00,2023-06-04 21:00:00+00:00,2023-05-05 12:00:00+00:00,1.68939,-403.05,70.45776976865838,473.50776976865836
189,EUR_CHF,bearish,2023-05-04 21:00:00+00:00,2023-05-14 21:00:00+00:00,2023-05-05 12:00:00+00:00,0.98154,544.6,-76.13206995114221,-620.7320699511422
194,CAD_CHF,bearish,2023-05-04 21:00:00+00:00,2023-05-31 21:00:00+00:00,2023-05-05 12:00:00+00:00,0.66522308,-405.29,20.469732637552,425.759732637552
201,XAU_USD,bullish,2023-05-05 00:00:00+00:00,2023-05-18 00:00:00+00:00,2023-05-05 12:00:00+00:00,2006.259403564453,-373.48,0.0,373.48
202,XAU_USD,bullish,2023-05-05 00:00:00+00:00,2023-05-18 00:00:00+00:00,2023-05-05 12:00:00+00:00,2005.667,-373.47,0.0,373.47
203,XAG_USD,bullish,2023-05-05 00:00:00+00:00,2023-05-11 00:00:00+00:00,2023-05-05 12:00:00+00:00,25.367559894561765,-375.78,0.0,375.78
236,EUR_NZD,bullish,2023-05-24 21:00:00+00:00,2023-08-16 21:00:00+00:00,2023-07-27 17:00:00+00:00,1.77371616,577.86,-0.5665212956632897,-578.4265212956633
291,AUD_CAD,bearish,2023-06-20 21:00:00+00:00,2023-08-02 21:00:00+00:00,2023-07-27 17:00:00+00:00,0.89237428,565.85,77.97958110690062,-487.8704188930994
302,AUD_NZD,bullish,2023-06-25 21:00:00+00:00,2023-10-02 21:00:00+00:00,2023-07-27 17:00:00+00:00,1.0821731,-391.78,82.99862881794772,474.7786288179477
300,AUD_CHF,bearish,2023-06-25 21:00:00+00:00,2023-08-08 21:00:00+00:00,2023-07-27 17:00:00+00:00,0.59672252,570.22,232.281083467146,-337.938916532854
299,EUR_AUD,bullish,2023-06-25 21:00:00+00:00,2023-08-21 21:00:00+00:00,2023-07-27 17:00:00+00:00,1.63435442,578.03,-2.5543598987638645,-580.5843598987639
308,SPX500_USD,bullish,2023-06-29 00:00:00+00:00,2023-10-04 00:00:00+00:00,2023-07-27 17:00:00+00:00,4435.75,-374.37,0.0,374.37
313,ETH_USD,bullish,2023-06-30 00:00:00+00:00,2023-08-17 00:00:00+00:00,2023-07-27 17:00:00+00:00,1895.7083813476563,-390.1,0.0,390.1
322,ETH_USD,bullish,2023-07-05 00:00:00+00:00,2023-08-16 00:00:00+00:00,2023-07-27 17:00:00+00:00,1910.5880126953125,-373.1,0.0,373.1
332,ETH_USD,bullish,2023-07-06 00:00:00+00:00,2023-08-17 00:00:00+00:00,2023-07-27 17:00:00+00:00,1895.7083813476563,-390.1,0.0,390.1
337,EUR_AUD,bullish,2023-07-09 21:00:00+00:00,2023-08-03 21:00:00+00:00,2023-07-27 17:00:00+00:00,1.6424598,570.49,-146.12720235524685,-716.6172023552468
341,SPX500_USD,bullish,2023-07-10 00:00:00+00:00,2023-07-28 00:00:00+00:00,2023-07-27 17:00:00+00:00,4415.326,581.73,0.0,-581.73
350,XAU_USD,bullish,2023-07-12 00:00:00+00:00,2023-08-17 00:00:00+00:00,2023-07-27 17:00:00+00:00,1948.954,-390.46,0.0,390.46
352,AUD_USD,bearish,2023-07-12 21:00:00+00:00,2023-08-01 21:00:00+00:00,2023-07-27 17:00:00+00:00,0.67857202,563.58,144.39218644718355,-419.18781355281646
357,USD_CAD,bearish,2023-07-13 21:00:00+00:00,2023-08-01 21:00:00+00:00,2023-07-27 17:00:00+00:00,1.32142274,-397.22,18.291951545609383,415.5119515456094
360,USD_CAD,bearish,2023-07-16 21:00:00+00:00,2023-08-01 21:00:00+00:00,2023-07-27 17:00:00+00:00,1.31994,-397.54,-30.29893974055318,367.24106025944684
362,USD_CAD,bearish,2023-07-17 21:00:00+00:00,2023-08-07 21:00:00+00:00,2023-07-27 17:00:00+00:00,1.32432594,-389.77,78.21790180668029,467.98790180668027
363,GBP_CAD,bullish,2023-07-18 21:00:00+00:00,2023-08-16 21:00:00+00:00,2023-07-27 17:00:00+00:00,1.69647098,569.58,-18.132585976325846,-587.7125859763258
364,GBP_CAD,bullish,2023-07-18 21:00:00+00:00,2023-08-21 21:00:00+00:00,2023-07-27 17:00:00+00:00,1.69999552,571.4,-72.31431684251214,-643.7143168425121
366,NZD_CAD,bullish,2023-07-18 21:00:00+00:00,2023-08-10 21:00:00+00:00,2023-07-27 17:00:00+00:00,0.82337168,-409.18,-110.2788165874921,298.9011834125079
369,GBP_AUD,bullish,2023-07-19 21:00:00+00:00,2023-07-30 21:00:00+00:00,2023-07-27 17:00:00+00:00,1.91118,567.97,-85.00920209708039,-652.9792020970804
370,GBP_USD,bullish,2023-07-19 21:00:00+00:00,2023-08-02 21:00:00+00:00,2023-07-27 17:00:00+00:00,1.2859554,-386.17,-40.44134091516704,345.728659084833
371,CAD_JPY,bullish,2023-07-19 21:00:00+00:00,2023-07-27 21:00:00+00:00,2023-07-27 17:00:00+00:00,106.609756,-403.1,-177.43755943886353,225.6624405611365
377,NZD_USD,bullish,2023-07-20 21:00:00+00:00,2023-08-09 21:00:00+00:00,2023-07-27 17:00:00+00:00,0.6186988,-407.92,33.96202701868629,441.8820270186863
378,NZD_USD,bearish,2023-07-20 21:00:00+00:00,2023-09-05 21:00:00+00:00,2023-07-27 17:00:00+00:00,0.6181270200000001,572.14,-30.025975895881267,-602.1659758958813
375,GBP_AUD,bullish,2023-07-20 21:00:00+00:00,2023-08-03 21:00:00+00:00,2023-07-27 17:00:00+00:00,1.90937,573.85,-29.549704133285317,-603.3997041332854
374,AUD_USD,bullish,2023-07-20 21:00:00+00:00,2023-08-01 21:00:00+00:00,2023-07-27 17:00:00+00:00,0.6723110800000001,-393.91,22.720178965924042,416.6301789659241
373,USD_JPY,bullish,2023-07-20 21:00:00+00:00,2023-08-01 21:00:00+00:00,2023-07-27 17:00:00+00:00,139.917188,572.91,-63.065792828916074,-635.975792828916
372,GBP_NZD,bullish,2023-07-20 21:00:00+00:00,2023-08-21 21:00:00+00:00,2023-07-27 17:00:00+00:00,2.07457372,1052.21,-54.17977100209356,-1106.3897710020935
379,NAS100_USD,bullish,2023-07-21 00:00:00+00:00,2023-08-16 00:00:00+00:00,2023-07-27 17:00:00+00:00,15540.0,-373.35,0.0,373.35
380,CAD_CHF,bullish,2023-07-23 21:00:00+00:00,2023-08-14 21:00:00+00:00,2023-07-27 17:00:00+00:00,0.65478856,-419.96,97.46977407966108,517.429774079661
381,GBP_AUD,bullish,2023-07-23 21:00:00+00:00,2023-08-02 21:00:00+00:00,2023-07-27 17:00:00+00:00,1.91302068,569.22,-113.045555439627,-682.2655554396271
382,AUD_NZD,bullish,2023-07-23 21:00:00+00:00,2023-10-01 21:00:00+00:00,2023-07-27 17:00:00+00:00,1.08560512,-409.12,-3.6998404554579793,405.420159544542
384,EUR_CAD,bullish,2023-07-23 21:00:00+00:00,2023-09-18 21:00:00+00:00,2023-07-27 17:00:00+00:00,1.4571,-385.25,-72.13975900268237,313.11024099731765
385,NAS100_USD,bullish,2023-07-24 00:00:00+00:00,2023-08-17 00:00:00+00:00,2023-07-27 17:00:00+00:00,15487.9205,-390.4,0.0,390.4
386,BTC_USD,bearish,2023-07-24 00:00:00+00:00,2023-08-18 00:00:00+00:00,2023-07-27 17:00:00+00:00,29955.9943359375,857.03,0.0,-857.03
392,EUR_CAD,bullish,2023-07-24 21:00:00+00:00,2023-08-30 21:00:00+00:00,2023-07-27 17:00:00+00:00,1.45585246,570.2,-54.95784776454988,-625.15784776455
391,EUR_GBP,bullish,2023-07-24 21:00:00+00:00,2023-08-10 21:00:00+00:00,2023-07-27 17:00:00+00:00,0.85664304,546.82,9.617941039868889,-537.2020589601311
388,EUR_NZD,bullish,2023-07-24 21:00:00+00:00,2023-08-08 21:00:00+00:00,2023-07-27 17:00:00+00:00,1.77543744,573.91,-22.842092374464606,-596.7520923744646
390,EUR_AUD,bullish,2023-07-24 21:00:00+00:00,2023-08-02 21:00:00+00:00,2023-07-27 17:00:00+00:00,1.6424598,571.33,-136.6036353520748,-707.9336353520748
394,USD_JPY,bullish,2023-07-25 21:00:00+00:00,2023-07-27 21:00:00+00:00,2023-07-27 17:00:00+00:00,140.239,-403.46,-138.3855633714579,265.0744366285421
405,GBP_JPY,bullish,2023-07-26 21:00:00+00:00,2023-07-27 21:00:00+00:00,2023-07-27 17:00:00+00:00,180.774798,-406.95,-394.28340028054464,12.666599719455348
410,EUR_JPY,bullish,2023-07-26 21:00:00+00:00,2023-07-27 21:00:00+00:00,2023-07-27 17:00:00+00:00,155.54594,-403.64,-390.16866430886927,13.471335691130719
409,EUR_JPY,bullish,2023-07-26 21:00:00+00:00,2023-07-27 21:00:00+00:00,2023-07-27 17:00:00+00:00,155.469,-404.85,-409.67076476036976,-4.820764760369741
408,EUR_JPY,bullish,2023-07-26 21:00:00+00:00,2023-07-27 21:00:00+00:00,2023-07-27 17:00:00+00:00,155.03558800000002,-409.48,-424.7405445589118,-15.26054455891176
407,EUR_USD,bullish,2023-07-26 21:00:00+00:00,2023-08-24 21:00:00+00:00,2023-07-27 17:00:00+00:00,1.09836496,-405.65,31.612914240144367,437.26291424014437
404,AUD_NZD,bullish,2023-07-26 21:00:00+00:00,2023-07-31 21:00:00+00:00,2023-07-27 17:00:00+00:00,1.08497,-419.92,19.548105980681463,439.46810598068146
406,GBP_JPY,bullish,2023-07-26 21:00:00+00:00,2023-08-17 21:00:00+00:00,2023-07-27 17:00:00+00:00,179.208478,850.09,-19.74780396707204,-869.8378039670721
402,CHF_JPY,bullish,2023-07-26 21:00:00+00:00,2023-07-31 21:00:00+00:00,2023-07-27 17:00:00+00:00,160.530746,572.64,50.31042553096459,-522.3295744690354
401,CAD_CHF,bullish,2023-07-26 21:00:00+00:00,2023-08-14 21:00:00+00:00,2023-07-27 17:00:00+00:00,0.65478856,-420.43,98.45233582794374,518.8823358279437
400,AUD_JPY,bullish,2023-07-26 21:00:00+00:00,2023-07-27 21:00:00+00:00,2023-07-27 17:00:00+00:00,94.535044,-415.97,-227.87421872362978,188.09578127637025
399,AUD_JPY,bullish,2023-07-26 21:00:00+00:00,2023-07-27 21:00:00+00:00,2023-07-27 17:00:00+00:00,94.785,-412.11,-267.6565496351048,144.45345036489522
398,USD_JPY,bullish,2023-07-26 21:00:00+00:00,2023-08-03 21:00:00+00:00,2023-07-27 17:00:00+00:00,139.917188,842.74,-93.72975114427851,-936.4697511442785
403,CHF_JPY,bullish,2023-07-26 21:00:00+00:00,2023-08-01 21:00:00+00:00,2023-07-27 17:00:00+00:00,160.119332,570.41,132.11748203612407,-438.29251796387587
411,XAU_USD,bearish,2023-07-27 00:00:00+00:00,2023-08-16 00:00:00+00:00,2023-07-27 17:00:00+00:00,1945.4000244140625,582.69,0.0,-582.69
412,XAG_USD,bearish,2023-07-27 00:00:00+00:00,2023-08-17 00:00:00+00:00,2023-07-27 17:00:00+00:00,24.23600006103516,581.05,0.0,-581.05
423,EUR_JPY,bullish,2023-07-30 21:00:00+00:00,2023-11-29 22:00:00+00:00,2023-08-31 15:00:00+00:00,155.54594,577.39,190.80515933393303,-386.58484066606695
426,AUD_JPY,bullish,2023-07-31 21:00:00+00:00,2024-02-22 22:00:00+00:00,2023-08-31 15:00:00+00:00,94.788,575.06,-64.58802947974037,-639.6480294797403
435,CAD_JPY,bullish,2023-08-03 21:00:00+00:00,2023-10-01 21:00:00+00:00,2023-08-31 15:00:00+00:00,105.963,845.97,271.2046349492692,-574.7653650507309
440,USD_CHF,bearish,2023-08-13 21:00:00+00:00,2023-09-20 21:00:00+00:00,2023-08-31 15:00:00+00:00,0.88254592,-405.98,-26.294503107607998,379.685496892392
445,AUD_NZD,bearish,2023-08-14 21:00:00+00:00,2023-09-26 21:00:00+00:00,2023-08-31 15:00:00+00:00,1.08553666,551.77,-83.31940422775382,-635.0894042277538
448,AUD_JPY,bullish,2023-08-20 21:00:00+00:00,2023-09-17 21:00:00+00:00,2023-08-31 15:00:00+00:00,93.782,562.41,120.02659756317772,-442.3834024368223
449,GBP_CHF,bearish,2023-08-20 21:00:00+00:00,2023-09-20 21:00:00+00:00,2023-08-31 15:00:00+00:00,1.12084,557.54,51.46426414736408,-506.0757358526359
450,GBP_CHF,bearish,2023-08-21 21:00:00+00:00,2023-09-20 21:00:00+00:00,2023-08-31 15:00:00+00:00,1.12107,556.75,61.20745405464112,-495.5425459453589
456,CAD_JPY,bullish,2023-08-22 21:00:00+00:00,2023-09-05 21:00:00+00:00,2023-08-31 15:00:00+00:00,106.711836,562.13,252.66773028825793,-309.46226971174207
454,NZD_CAD,bullish,2023-08-22 21:00:00+00:00,2023-09-17 21:00:00+00:00,2023-08-31 15:00:00+00:00,0.80501234,-408.36,4.151789989548804,412.51178998954884
453,AUD_CHF,bearish,2023-08-22 21:00:00+00:00,2023-09-13 21:00:00+00:00,2023-08-31 15:00:00+00:00,0.56899,-430.37,-135.1205009126438,295.2494990873562
452,EUR_AUD,bullish,2023-08-22 21:00:00+00:00,2023-09-03 21:00:00+00:00,2023-08-31 15:00:00+00:00,1.68327126,-408.25,-174.03675151008727,234.21324848991273
451,EUR_AUD,bullish,2023-08-22 21:00:00+00:00,2023-09-03 21:00:00+00:00,2023-08-31 15:00:00+00:00,1.68155226,-410.51,-148.5753660177218,261.9346339822782
457,SPX500_USD,bullish,2023-08-23 00:00:00+00:00,2023-09-26 00:00:00+00:00,2023-08-31 15:00:00+00:00,4447.0,-375.23,0.0,375.23
458,NAS100_USD,bullish,2023-08-23 00:00:00+00:00,2023-10-25 00:00:00+00:00,2023-08-31 15:00:00+00:00,15315.4335,-390.36,0.0,390.36
460,GBP_JPY,bullish,2023-08-23 21:00:00+00:00,2023-10-02 21:00:00+00:00,2023-08-31 15:00:00+00:00,183.743,-382.16,96.5922357931833,478.75223579318333
461,NZD_CAD,bullish,2023-08-23 21:00:00+00:00,2023-09-03 21:00:00+00:00,2023-08-31 15:00:00+00:00,0.80458,545.96,25.983232610934184,-519.9767673890658
463,XAU_USD,bearish,2023-08-24 00:00:00+00:00,2023-09-01 00:00:00+00:00,2023-08-31 15:00:00+00:00,1919.264190673828,-391.02,0.0,391.02
466,NAS100_USD,bullish,2023-08-24 00:00:00+00:00,2023-09-05 00:00:00+00:00,2023-08-31 15:00:00+00:00,14916.473,857.42,0.0,-857.42
467,GBP_JPY,bullish,2023-08-24 21:00:00+00:00,2023-10-02 21:00:00+00:00,2023-08-31 15:00:00+00:00,183.360648,-383.5,164.80861552094012,548.3086155209401
470,AUD_CHF,bearish,2023-08-27 21:00:00+00:00,2023-09-13 21:00:00+00:00,2023-08-31 15:00:00+00:00,0.56824,-427.26,-161.97761944511527,265.28238055488475
471,NZD_JPY,bullish,2023-08-28 21:00:00+00:00,2023-09-20 21:00:00+00:00,2023-08-31 15:00:00+00:00,86.75958399999999,551.02,-55.58497114577384,-606.6049711457738
472,GBP_NZD,bullish,2023-08-28 21:00:00+00:00,2023-09-19 21:00:00+00:00,2023-08-31 15:00:00+00:00,2.11782,-381.22,135.80650490898924,517.0265049089893
473,GBP_AUD,bullish,2023-08-28 21:00:00+00:00,2023-09-13 21:00:00+00:00,2023-08-31 15:00:00+00:00,1.95514208,-382.85,46.55004610186625,429.4000461018663
474,AUD_CHF,bearish,2023-08-28 21:00:00+00:00,2023-09-13 21:00:00+00:00,2023-08-31 15:00:00+00:00,0.56954048,-416.46,-113.97160754761354,302.48839245238645
475,SPX500_USD,bullish,2023-08-29 00:00:00+00:00,2023-09-26 00:00:00+00:00,2023-08-31 15:00:00+00:00,4458.679,-374.99,0.0,374.99
481,EUR_USD,bullish,2023-08-29 21:00:00+00:00,2023-09-04 21:00:00+00:00,2023-08-31 15:00:00+00:00,1.09220712,-405.82,-176.02269032424388,229.7973096757561
480,EUR_USD,bearish,2023-08-29 21:00:00+00:00,2023-09-03 21:00:00+00:00,2023-08-31 15:00:00+00:00,1.0896988,553.99,229.28335355405954,-324.70664644594046
479,GBP_USD,bearish,2023-08-29 21:00:00+00:00,2023-09-05 21:00:00+00:00,2023-08-31 15:00:00+00:00,1.2715614,561.78,144.98771051354157,-416.7922894864584
477,NZD_JPY,bullish,2023-08-29 21:00:00+00:00,2023-10-01 21:00:00+00:00,2023-08-31 15:00:00+00:00,87.42193400000001,568.52,-157.29208800242145,-725.8120880024214
476,EUR_CHF,bearish,2023-08-29 21:00:00+00:00,2023-09-20 21:00:00+00:00,2023-08-31 15:00:00+00:00,0.9596,-412.79,90.55305124549598,503.343051245496
478,EUR_NZD,bullish,2023-08-29 21:00:00+00:00,2023-08-31 21:00:00+00:00,2023-08-31 15:00:00+00:00,1.823694,-395.05,-26.473218385576182,368.57678161442385
489,EUR_JPY,bullish,2023-08-30 21:00:00+00:00,2023-09-10 21:00:00+00:00,2023-08-31 15:00:00+00:00,158.267294,-409.31,-92.00101858978569,317.3089814102143
482,EUR_NZD,bullish,2023-08-30 21:00:00+00:00,2023-08-31 21:00:00+00:00,2023-08-31 15:00:00+00:00,1.823694,-411.77,-25.954683958631616,385.81531604136836
483,USD_JPY,bullish,2023-08-30 21:00:00+00:00,2023-09-07 21:00:00+00:00,2023-08-31 15:00:00+00:00,145.43266,562.22,72.24669103269332,-489.9733089673067
484,CHF_JPY,bullish,2023-08-30 21:00:00+00:00,2023-08-31 21:00:00+00:00,2023-08-31 15:00:00+00:00,165.425984,-413.43,-180.55685453911468,232.87314546088533
485,USD_CAD,bullish,2023-08-30 21:00:00+00:00,2023-09-05 21:00:00+00:00,2023-08-31 15:00:00+00:00,1.35094,555.77,115.10334211885242,-440.66665788114756
486,NZD_CAD,bullish,2023-08-30 21:00:00+00:00,2023-09-03 21:00:00+00:00,2023-08-31 15:00:00+00:00,0.80384,795.75,105.23695119106794,-690.513048808932
487,NZD_CHF,bearish,2023-08-30 21:00:00+00:00,2023-09-19 21:00:00+00:00,2023-08-31 15:00:00+00:00,0.52708,-410.02,77.82173008836611,487.8417300883661
488,EUR_CAD,bullish,2023-08-30 21:00:00+00:00,2023-09-04 21:00:00+00:00,2023-08-31 15:00:00+00:00,1.46873314,-419.31,-46.63523824611065,372.67476175388936
501,GBP_CHF,bearish,2023-09-04 21:00:00+00:00,2023-10-12 21:00:00+00:00,2023-10-03 14:00:00+00:00,1.11782,554.1,207.75682152768428,-346.34317847231574
498,AUD_USD,bearish,2023-09-04 21:00:00+00:00,2023-10-03 21:00:00+00:00,2023-10-03 14:00:00+00:00,0.6443393399999999,555.82,514.1006973044009,-41.71930269559914
516,AUD_USD,bearish,2023-09-10 21:00:00+00:00,2023-10-03 21:00:00+00:00,2023-10-03 14:00:00+00:00,0.6443393399999999,555.67,516.9354041097146,-38.73459589028539
517,ETH_USD,bearish,2023-09-11 00:00:00+00:00,2023-10-23 00:00:00+00:00,2023-10-03 14:00:00+00:00,1611.07070703125,-390.2,0.0,390.2
524,ETH_USD,bearish,2023-09-12 00:00:00+00:00,2023-10-23 00:00:00+00:00,2023-10-03 14:00:00+00:00,1611.07070703125,-390.2,0.0,390.2
526,ETH_USD,bearish,2023-09-13 00:00:00+00:00,2023-10-23 00:00:00+00:00,2023-10-03 14:00:00+00:00,1607.988525390625,-390.19,0.0,390.19
539,EUR_AUD,bullish,2023-09-20 21:00:00+00:00,2023-12-19 22:00:00+00:00,2023-10-03 14:00:00+00:00,1.6569337,-380.78,51.63919277332222,432.4191927733222
543,EUR_AUD,bullish,2023-09-21 21:00:00+00:00,2023-12-19 22:00:00+00:00,2023-10-03 14:00:00+00:00,1.6569337,-380.75,51.410262966154804,432.1602629661548
547,GBP_CHF,bearish,2023-09-26 21:00:00+00:00,2023-10-09 21:00:00+00:00,2023-10-03 14:00:00+00:00,1.11793748,552.87,221.2578013833959,-331.61219861660413
548,GBP_CHF,bearish,2023-09-26 21:00:00+00:00,2023-10-09 21:00:00+00:00,2023-10-03 14:00:00+00:00,1.11798,552.78,223.6248263669313,-329.15517363306867
551,EUR_GBP,bullish,2023-09-27 21:00:00+00:00,2023-10-23 21:00:00+00:00,2023-10-03 14:00:00+00:00,0.8630874,535.51,268.54636482869745,-266.96363517130254
559,NZD_USD,bearish,2023-09-28 21:00:00+00:00,2023-10-04 21:00:00+00:00,2023-10-03 14:00:00+00:00,0.59674,543.69,333.91048264846745,-209.7795173515326
558,EUR_CAD,bearish,2023-09-28 21:00:00+00:00,2023-10-03 21:00:00+00:00,2023-10-03 14:00:00+00:00,1.43268908,-411.16,-126.97855137717121,284.18144862282884
560,NZD_USD,bearish,2023-09-28 21:00:00+00:00,2023-10-04 21:00:00+00:00,2023-10-03 14:00:00+00:00,0.59646232,544.88,309.6369880735587,-235.24301192644128
555,USD_CAD,bullish,2023-09-28 21:00:00+00:00,2023-10-03 21:00:00+00:00,2023-10-03 14:00:00+00:00,1.34986532,1027.64,987.6185550946708,-40.021444905329304
561,NZD_USD,bearish,2023-09-28 21:00:00+00:00,2023-10-09 21:00:00+00:00,2023-10-03 14:00:00+00:00,0.59604,-408.79,268.4172051919768,677.2072051919768
563,XAG_USD,bearish,2023-09-29 00:00:00+00:00,2023-10-06 00:00:00+00:00,2023-10-03 14:00:00+00:00,23.140752494812013,1057.33,0.0,-1057.33
564,EUR_CHF,bearish,2023-10-01 21:00:00+00:00,2023-10-09 21:00:00+00:00,2023-10-03 14:00:00+00:00,0.96556192,530.61,50.85169200956235,-479.7583079904377
566,USD_CAD,bullish,2023-10-01 21:00:00+00:00,2023-12-13 22:00:00+00:00,2023-10-03 14:00:00+00:00,1.36279136,-385.46,153.9107946243378,539.3707946243378
567,EUR_USD,bearish,2023-10-01 21:00:00+00:00,2023-10-03 21:00:00+00:00,2023-10-03 14:00:00+00:00,1.0591094,555.77,426.06673835237797,-129.703261647622
569,NAS100_USD,bullish,2023-10-02 00:00:00+00:00,2023-10-25 00:00:00+00:00,2023-10-03 14:00:00+00:00,14984.75,-373.44,0.0,373.44
576,GBP_AUD,bullish,2023-10-02 21:00:00+00:00,2023-10-23 21:00:00+00:00,2023-10-03 14:00:00+00:00,1.90437192,571.31,189.95522940817773,-381.3547705918222
581,CAD_JPY,bullish,2023-10-02 21:00:00+00:00,2023-11-20 22:00:00+00:00,2023-10-03 14:00:00+00:00,108.909026,-392.56,-70.2090351401007,322.3509648598993
580,CAD_JPY,bullish,2023-10-02 21:00:00+00:00,2023-10-03 21:00:00+00:00,2023-10-03 14:00:00+00:00,109.460702,-413.25,-253.77145331293914,159.47854668706086
579,AUD_CAD,bearish,2023-10-02 21:00:00+00:00,2023-10-24 21:00:00+00:00,2023-10-03 14:00:00+00:00,0.86393,-412.37,-26.84117687075108,385.5288231292489
578,AUD_CAD,bearish,2023-10-02 21:00:00+00:00,2023-10-04 21:00:00+00:00,2023-10-03 14:00:00+00:00,0.8656449,-425.65,38.73597166848694,464.38597166848695
577,AUD_CHF,bullish,2023-10-02 21:00:00+00:00,2023-10-11 21:00:00+00:00,2023-10-03 14:00:00+00:00,0.58156718,-438.62,-62.69660852808609,375.92339147191393
575,EUR_AUD,bearish,2023-10-02 21:00:00+00:00,2023-10-11 21:00:00+00:00,2023-10-03 14:00:00+00:00,1.65491422,-395.46,-208.00177704855722,187.45822295144276
574,AUD_JPY,bullish,2023-10-02 21:00:00+00:00,2023-10-12 21:00:00+00:00,2023-10-03 14:00:00+00:00,94.377976,558.48,-139.79191526831366,-698.2719152683137
573,USD_JPY,bullish,2023-10-02 21:00:00+00:00,2023-10-17 21:00:00+00:00,2023-10-03 14:00:00+00:00,148.30476,560.73,226.25619309756624,-334.4738069024338
572,USD_JPY,bullish,2023-10-02 21:00:00+00:00,2023-10-08 21:00:00+00:00,2023-10-03 14:00:00+00:00,148.081672,557.46,336.10224474345426,-221.35775525654577
571,NZD_JPY,bullish,2023-10-02 21:00:00+00:00,2023-10-11 21:00:00+00:00,2023-10-03 14:00:00+00:00,87.58546,832.11,147.34639077543176,-684.7636092245682
570,EUR_CHF,bearish,2023-10-02 21:00:00+00:00,2023-10-09 21:00:00+00:00,2023-10-03 14:00:00+00:00,0.96556192,530.14,51.30614355207762,-478.83385644792236
806,EUR_CAD,bullish,2024-04-02 21:00:00+00:00,2024-05-16 21:00:00+00:00,2024-05-01 20:00:00+00:00,1.4657,561.65,180.16897440621128,-381.4810255937887
805,EUR_CAD,bullish,2024-04-02 21:00:00+00:00,2024-05-07 21:00:00+00:00,2024-05-01 20:00:00+00:00,1.4654439,551.72,273.0416749931695,-278.6783250068305
843,GBP_CHF,bearish,2024-04-14 21:00:00+00:00,2024-05-16 21:00:00+00:00,2024-05-01 20:00:00+00:00,1.13451,-389.72,-289.8783475848564,99.84165241514364
852,GBP_CHF,bearish,2024-04-15 21:00:00+00:00,2024-05-16 21:00:00+00:00,2024-05-01 20:00:00+00:00,1.13454,-389.78,-290.1763742001926,99.60362579980739
854,GBP_CHF,bearish,2024-04-16 21:00:00+00:00,2024-05-16 21:00:00+00:00,2024-05-01 20:00:00+00:00,1.1343,-389.57,-292.07537819932645,97.49462180067354
874,USD_CAD,bullish,2024-04-22 21:00:00+00:00,2024-07-30 21:00:00+00:00,2024-05-01 20:00:00+00:00,1.36634,564.63,189.10193332721494,-375.52806667278503
875,NZD_CHF,bullish,2024-04-22 21:00:00+00:00,2024-05-15 21:00:00+00:00,2024-05-01 20:00:00+00:00,0.53800754,558.2,163.29172084889393,-394.9082791511061
872,AUD_CHF,bullish,2024-04-22 21:00:00+00:00,2024-05-29 21:00:00+00:00,2024-05-01 20:00:00+00:00,0.58702096,563.58,274.8241881807059,-288.75581181929414
870,EUR_CHF,bullish,2024-04-22 21:00:00+00:00,2024-06-13 21:00:00+00:00,2024-05-01 20:00:00+00:00,0.97219492,-389.16,194.70446262947374,583.8644626294738
877,GBP_CAD,bullish,2024-04-23 21:00:00+00:00,2024-05-21 21:00:00+00:00,2024-05-01 20:00:00+00:00,1.70797,570.49,230.85802979984265,-339.63197020015735
878,GBP_NZD,bullish,2024-04-23 21:00:00+00:00,2024-05-01 21:00:00+00:00,2024-05-01 20:00:00+00:00,2.09965,569.17,252.0994255693303,-317.0705744306697
879,AUD_CHF,bearish,2024-04-23 21:00:00+00:00,2024-05-06 21:00:00+00:00,2024-05-01 20:00:00+00:00,0.59347336,-427.93,-198.57539684474213,229.35460315525788
881,NZD_CHF,bearish,2024-04-23 21:00:00+00:00,2024-05-13 21:00:00+00:00,2024-05-01 20:00:00+00:00,0.54226896,-444.83,-43.2092905373068,401.6207094626932
893,NZD_USD,bearish,2024-04-24 21:00:00+00:00,2024-05-02 21:00:00+00:00,2024-05-01 20:00:00+00:00,0.59544274,-414.25,135.99240232155145,550.2424023215515
892,EUR_GBP,bullish,2024-04-24 21:00:00+00:00,2024-05-21 21:00:00+00:00,2024-05-01 20:00:00+00:00,0.8578747,-415.17,-155.49156763160389,259.6784323683961
890,USD_CAD,bullish,2024-04-24 21:00:00+00:00,2024-07-25 21:00:00+00:00,2024-05-01 20:00:00+00:00,1.3651990200000002,563.17,234.6518406609765,-328.51815933902344
889,GBP_AUD,bearish,2024-04-24 21:00:00+00:00,2024-05-07 21:00:00+00:00,2024-05-01 20:00:00+00:00,1.91966,836.55,-30.862897867633677,-867.4128978676337
886,GBP_CAD,bullish,2024-04-24 21:00:00+00:00,2024-05-22 21:00:00+00:00,2024-05-01 20:00:00+00:00,1.70931128,1038.68,361.0845226886859,-677.5954773113142
887,GBP_NZD,bullish,2024-04-24 21:00:00+00:00,2024-05-08 21:00:00+00:00,2024-05-01 20:00:00+00:00,2.10365,-384.82,147.6917428071428,532.5117428071428
885,GBP_CAD,bearish,2024-04-24 21:00:00+00:00,2024-05-15 21:00:00+00:00,2024-05-01 20:00:00+00:00,1.7128964,-410.57,-231.55483618428778,179.0151638157122
884,EUR_CHF,bearish,2024-04-24 21:00:00+00:00,2024-05-16 21:00:00+00:00,2024-05-01 20:00:00+00:00,0.97931124,-418.45,-111.21001665680411,307.2399833431959
898,AUD_USD,bearish,2024-04-25 21:00:00+00:00,2024-05-14 21:00:00+00:00,2024-05-01 20:00:00+00:00,0.65424276,-398.23,65.10097624509491,463.3309762450949
895,EUR_CHF,bearish,2024-04-25 21:00:00+00:00,2024-05-16 21:00:00+00:00,2024-05-01 20:00:00+00:00,0.97931124,-416.03,-105.32080042217771,310.70919957782223
900,SPX500_USD,bullish,2024-04-26 00:00:00+00:00,2024-05-23 00:00:00+00:00,2024-05-01 20:00:00+00:00,5104.84,581.78,0.0,-581.78
901,NZD_JPY,bullish,2024-04-28 21:00:00+00:00,2024-05-22 21:00:00+00:00,2024-05-01 20:00:00+00:00,92.201618,1042.14,-156.87194772271155,-1199.0119477227117
905,CHF_JPY,bullish,2024-04-28 21:00:00+00:00,2024-06-16 21:00:00+00:00,2024-05-01 20:00:00+00:00,169.710976,1050.89,-135.07468485803258,-1185.9646848580328
906,GBP_USD,bearish,2024-04-28 21:00:00+00:00,2024-05-19 21:00:00+00:00,2024-05-01 20:00:00+00:00,1.25537636,-390.57,58.54167253389273,449.1116725338927
907,GBP_JPY,bullish,2024-04-28 21:00:00+00:00,2024-06-03 21:00:00+00:00,2024-05-01 20:00:00+00:00,193.736772,575.16,-23.92286900783577,-599.0828690078357
908,NZD_CAD,bearish,2024-04-28 21:00:00+00:00,2024-05-02 21:00:00+00:00,2024-05-01 20:00:00+00:00,0.8168034,-416.74,130.13268814832708,546.8726881483271
909,AUD_CAD,bearish,2024-04-28 21:00:00+00:00,2024-05-02 21:00:00+00:00,2024-05-01 20:00:00+00:00,0.89312556,-422.17,-131.03177844233377,291.13822155766627
916,EUR_USD,bullish,2024-04-29 21:00:00+00:00,2024-05-06 21:00:00+00:00,2024-05-01 20:00:00+00:00,1.06662,545.72,236.364414107841,-309.35558589215907
915,GBP_AUD,bullish,2024-04-29 21:00:00+00:00,2024-05-02 21:00:00+00:00,2024-05-01 20:00:00+00:00,1.9234634,-407.52,-64.08194509793277,343.4380549020672
914,EUR_AUD,bearish,2024-04-29 21:00:00+00:00,2024-05-05 21:00:00+00:00,2024-05-01 20:00:00+00:00,1.64769,566.96,116.65112168919777,-450.30887831080224
912,EUR_AUD,bullish,2024-04-29 21:00:00+00:00,2024-05-01 21:00:00+00:00,2024-05-01 20:00:00+00:00,1.6457402,-413.32,-104.5004007134381,308.8195992865619
911,CAD_CHF,bullish,2024-04-29 21:00:00+00:00,2024-05-07 21:00:00+00:00,2024-05-01 20:00:00+00:00,0.6648549,-436.91,154.19443462365172,591.1044346236517
913,EUR_AUD,bullish,2024-04-29 21:00:00+00:00,2024-05-01 21:00:00+00:00,2024-05-01 20:00:00+00:00,1.64681,-411.43,-126.56298696033714,284.8670130396629
917,SPX500_USD,bullish,2024-04-30 00:00:00+00:00,2024-05-06 00:00:00+00:00,2024-05-01 20:00:00+00:00,5058.4715,580.14,0.0,-580.14
918,SPX500_USD,bullish,2024-04-30 00:00:00+00:00,2024-05-13 00:00:00+00:00,2024-05-01 20:00:00+00:00,5067.0,855.41,0.0,-855.41
930,EUR_USD,bullish,2024-04-30 21:00:00+00:00,2024-05-05 21:00:00+00:00,2024-05-01 20:00:00+00:00,1.06611548,817.74,282.0554030989244,-535.6845969010756
936,CAD_JPY,bullish,2024-04-30 21:00:00+00:00,2024-07-03 21:00:00+00:00,2024-05-01 20:00:00+00:00,112.901938,1048.1,-81.49002877410891,-1129.5900287741088
934,CAD_JPY,bullish,2024-04-30 21:00:00+00:00,2024-05-02 21:00:00+00:00,2024-05-01 20:00:00+00:00,111.961904,559.55,150.68837290201387,-408.8616270979861
933,EUR_JPY,bullish,2024-04-30 21:00:00+00:00,2024-05-14 21:00:00+00:00,2024-05-01 20:00:00+00:00,165.226346,574.07,32.32217534725592,-541.7478246527442
932,EUR_JPY,bullish,2024-04-30 21:00:00+00:00,2024-05-02 21:00:00+00:00,2024-05-01 20:00:00+00:00,164.415074,569.76,195.09130280217994,-374.66869719782005
931,EUR_JPY,bullish,2024-04-30 21:00:00+00:00,2024-05-02 21:00:00+00:00,2024-05-01 20:00:00+00:00,164.107182,567.44,294.02590185809987,-273.4140981419002
929,EUR_USD,bullish,2024-04-30 21:00:00+00:00,2024-05-05 21:00:00+00:00,2024-05-01 20:00:00+00:00,1.06506116,1013.48,398.1623613896006,-615.3176386103994
935,CAD_JPY,bullish,2024-04-30 21:00:00+00:00,2024-05-12 21:00:00+00:00,2024-05-01 20:00:00+00:00,112.19416,563.4,64.34157611727433,-499.05842388272566
927,CHF_JPY,bullish,2024-04-30 21:00:00+00:00,2024-05-02 21:00:00+00:00,2024-05-01 20:00:00+00:00,168.50135799999998,831.52,80.84970131518685,-750.6702986848131
926,AUD_JPY,bullish,2024-04-30 21:00:00+00:00,2024-05-14 21:00:00+00:00,2024-05-01 20:00:00+00:00,100.807218,570.09,-8.04875747978587,-578.1387574797859
925,AUD_JPY,bullish,2024-04-30 21:00:00+00:00,2024-05-02 21:00:00+00:00,2024-05-01 20:00:00+00:00,100.042454,560.7,218.17245352043602,-342.527546479564
924,USD_JPY,bullish,2024-04-30 21:00:00+00:00,2024-05-02 21:00:00+00:00,2024-05-01 20:00:00+00:00,153.75801,564.43,173.8542062421074,-390.57579375789254
923,USD_JPY,bullish,2024-04-30 21:00:00+00:00,2024-05-02 21:00:00+00:00,2024-05-01 20:00:00+00:00,153.64341000000002,563.01,218.08306096401833,-344.92693903598166
922,USD_JPY,bullish,2024-04-30 21:00:00+00:00,2024-05-01 21:00:00+00:00,2024-05-01 20:00:00+00:00,155.82356,-403.2,-242.76624422161558,160.4337557783844
921,NZD_JPY,bullish,2024-04-30 21:00:00+00:00,2024-05-02 21:00:00+00:00,2024-05-01 20:00:00+00:00,91.477346,545.64,53.75208689365534,-491.8879131063446
928,GBP_JPY,bullish,2024-04-30 21:00:00+00:00,2024-05-02 21:00:00+00:00,2024-05-01 20:00:00+00:00,191.902634,569.72,295.96619770317477,-273.75380229682526
937,NAS100_USD,bullish,2024-05-01 00:00:00+00:00,2024-05-14 00:00:00+00:00,2024-05-01 20:00:00+00:00,17457.127,857.72,0.0,-857.72
938,NAS100_USD,bullish,2024-05-01 00:00:00+00:00,2024-05-23 00:00:00+00:00,2024-05-01 20:00:00+00:00,17434.78,1235.99,0.0,-1235.99
953,EUR_GBP,bearish,2024-05-02 21:00:00+00:00,2024-06-23 21:00:00+00:00,2024-06-07 12:00:00+00:00,0.856932,549.89,287.7273326682461,-262.1626673317539
964,USD_JPY,bullish,2024-05-07 21:00:00+00:00,2024-06-27 21:00:00+00:00,2024-06-07 12:00:00+00:00,155.532,576.65,113.00947459248532,-463.64052540751464
965,USD_JPY,bullish,2024-05-08 21:00:00+00:00,2024-07-03 21:00:00+00:00,2024-06-07 12:00:00+00:00,155.82356,1049.03,155.0113076874321,-894.0186923125679
982,GBP_AUD,bullish,2024-05-21 21:00:00+00:00,2024-07-31 21:00:00+00:00,2024-06-07 12:00:00+00:00,1.91954412,848.43,110.39349638395565,-738.0365036160443
980,EUR_AUD,bearish,2024-05-21 21:00:00+00:00,2024-06-11 21:00:00+00:00,2024-06-07 12:00:00+00:00,1.63714074,557.25,-87.96775094619146,-645.2177509461915
981,GBP_AUD,bearish,2024-05-21 21:00:00+00:00,2024-06-23 21:00:00+00:00,2024-06-07 12:00:00+00:00,1.91851984,566.99,-204.85341919391897,-771.843419193919
987,AUD_USD,bearish,2024-05-27 21:00:00+00:00,2024-07-02 21:00:00+00:00,2024-06-07 12:00:00+00:00,0.66494,-414.18,231.48435417323154,645.6643541732316
988,AUD_USD,bearish,2024-05-28 21:00:00+00:00,2024-06-09 21:00:00+00:00,2024-06-07 12:00:00+00:00,0.66610132,534.14,352.4064967398275,-181.73350326017248
993,AUD_JPY,bullish,2024-05-29 21:00:00+00:00,2024-06-16 21:00:00+00:00,2024-06-07 12:00:00+00:00,103.461804,556.07,40.575347345166236,-515.4946526548338
1001,GBP_CHF,bullish,2024-05-30 21:00:00+00:00,2024-06-13 21:00:00+00:00,2024-06-07 12:00:00+00:00,1.14780898,-410.21,-198.0508461022605,212.1591538977395
1000,AUD_USD,bearish,2024-05-30 21:00:00+00:00,2024-06-09 21:00:00+00:00,2024-06-07 12:00:00+00:00,0.66610132,534.29,351.3683110736052,-182.92168892639478
1004,NAS100_USD,bullish,2024-05-31 00:00:00+00:00,2024-06-10 00:00:00+00:00,2024-06-07 12:00:00+00:00,18404.657,857.6,652.3877593717842,-205.2122406282158
1006,GBP_USD,bullish,2024-06-02 21:00:00+00:00,2024-06-20 21:00:00+00:00,2024-06-07 12:00:00+00:00,1.27644636,-399.12,-93.4451714236399,305.6748285763601
1008,AUD_CAD,bullish,2024-06-02 21:00:00+00:00,2024-06-12 21:00:00+00:00,2024-06-07 12:00:00+00:00,0.90816628,798.44,-127.59871662538609,-926.0387166253861
1009,EUR_USD,bullish,2024-06-02 21:00:00+00:00,2024-06-09 21:00:00+00:00,2024-06-07 12:00:00+00:00,1.08325502,-414.11,3.576057741431046,417.68605774143106
1012,GBP_USD,bullish,2024-06-03 21:00:00+00:00,2024-06-20 21:00:00+00:00,2024-06-07 12:00:00+00:00,1.27696,-397.93,-106.37898019238888,291.5510198076111
1013,AUD_CAD,bullish,2024-06-03 21:00:00+00:00,2024-06-12 21:00:00+00:00,2024-06-07 12:00:00+00:00,0.90944,535.92,-181.83768322595483,-717.7576832259548
1014,NZD_CHF,bullish,2024-06-03 21:00:00+00:00,2024-06-17 21:00:00+00:00,2024-06-07 12:00:00+00:00,0.55177896,-426.99,-105.50723118090842,321.4827688190916
1015,EUR_JPY,bullish,2024-06-03 21:00:00+00:00,2024-06-23 21:00:00+00:00,2024-06-07 12:00:00+00:00,168.60053200000002,567.46,264.250768471513,-303.209231528487
1016,CAD_JPY,bullish,2024-06-03 21:00:00+00:00,2024-06-24 21:00:00+00:00,2024-06-07 12:00:00+00:00,113.81568,1037.95,138.93613206575196,-899.0138679342481
1018,XAG_USD,bullish,2024-06-04 00:00:00+00:00,2024-08-05 00:00:00+00:00,2024-06-07 12:00:00+00:00,29.488000869750977,-374.12,180.63672177958222,554.7567217795822
1020,NZD_CHF,bullish,2024-06-04 21:00:00+00:00,2024-06-17 21:00:00+00:00,2024-06-07 12:00:00+00:00,0.55177896,-426.51,-104.12586955490943,322.3841304450906
1019,GBP_USD,bullish,2024-06-04 21:00:00+00:00,2024-06-13 21:00:00+00:00,2024-06-07 12:00:00+00:00,1.27644636,-402.93,-106.977938518202,295.952061481798
1022,SPX500_USD,bullish,2024-06-05 00:00:00+00:00,2024-06-18 00:00:00+00:00,2024-06-07 12:00:00+00:00,5323.5125,581.36,79.8872822695815,-501.4727177304185
1028,GBP_AUD,bullish,2024-06-06 21:00:00+00:00,2024-06-19 21:00:00+00:00,2024-06-07 12:00:00+00:00,1.91840284,-393.48,260.2958799818095,653.7758799818096
1026,GBP_NZD,bullish,2024-06-06 21:00:00+00:00,2024-06-20 21:00:00+00:00,2024-06-07 12:00:00+00:00,2.07603276,-394.47,-29.78056574951774,364.6894342504823
1027,EUR_NZD,bearish,2024-06-06 21:00:00+00:00,2024-06-12 21:00:00+00:00,2024-06-07 12:00:00+00:00,1.7685852,835.07,120.79564407437975,-714.2743559256203
1029,EUR_GBP,bearish,2024-06-06 21:00:00+00:00,2024-06-10 21:00:00+00:00,2024-06-07 12:00:00+00:00,0.85067556,756.14,23.935090490726967,-732.204909509273
1030,NZD_CAD,bullish,2024-06-06 21:00:00+00:00,2024-06-12 21:00:00+00:00,2024-06-07 12:00:00+00:00,0.8406876,539.3,96.06487700602162,-443.23512299397834
1031,NZD_CAD,bullish,2024-06-06 21:00:00+00:00,2024-06-12 21:00:00+00:00,2024-06-07 12:00:00+00:00,0.84028,537.32,125.44369987543617,-411.8763001245639
1032,AUD_CAD,bullish,2024-06-06 21:00:00+00:00,2024-06-12 21:00:00+00:00,2024-06-07 12:00:00+00:00,0.90816628,794.09,-136.85560980274442,-930.9456098027445
1033,EUR_USD,bullish,2024-06-06 21:00:00+00:00,2024-06-09 21:00:00+00:00,2024-06-07 12:00:00+00:00,1.08325502,-431.19,3.5689212010205527,434.75892120102054
1034,NZD_USD,bullish,2024-06-06 21:00:00+00:00,2024-06-12 21:00:00+00:00,2024-06-07 12:00:00+00:00,0.61247436,538.46,85.49876587031416,-452.96123412968586
1038,ETH_USD,bullish,2024-06-07 00:00:00+00:00,2024-06-08 00:00:00+00:00,2024-06-07 12:00:00+00:00,3791.7007553710937,-390.25,132.3941129678935,522.6441129678935
1037,XAG_USD,bullish,2024-06-07 00:00:00+00:00,2024-08-05 00:00:00+00:00,2024-06-07 12:00:00+00:00,29.362200416564946,-374.2,215.09665077298223,589.2966507729823
1036,BTC_USD,bullish,2024-06-07 00:00:00+00:00,2024-06-11 00:00:00+00:00,2024-06-07 12:00:00+00:00,68862.215953125,-391.19,442.9322417195885,834.1222417195885
1035,XAU_USD,bullish,2024-06-07 00:00:00+00:00,2024-06-10 00:00:00+00:00,2024-06-07 12:00:00+00:00,2373.459623046875,-390.46,-112.95743243111372,277.50256756888626
1047,XAU_USD,bullish,2024-06-12 00:00:00+00:00,2024-07-19 00:00:00+00:00,2024-07-11 12:00:00+00:00,2336.0,1060.53,439.44908806436086,-621.080911935639
1077,EUR_GBP,bearish,2024-06-23 21:00:00+00:00,2024-07-17 21:00:00+00:00,2024-07-11 12:00:00+00:00,0.84768832,530.17,413.2380074585404,-116.93199254145958
1086,EUR_CAD,bullish,2024-06-30 21:00:00+00:00,2024-07-18 21:00:00+00:00,2024-07-11 12:00:00+00:00,1.4676595,1031.61,534.5007565397317,-497.1092434602682
1085,NZD_CHF,bullish,2024-06-30 21:00:00+00:00,2024-07-16 21:00:00+00:00,2024-07-11 12:00:00+00:00,0.54844,-418.7,-51.26841400307249,367.4315859969275
1087,NZD_CHF,bullish,2024-07-01 21:00:00+00:00,2024-07-16 21:00:00+00:00,2024-07-11 12:00:00+00:00,0.54936,-418.08,-84.61381642611217,333.4661835738878
1088,EUR_CAD,bearish,2024-07-01 21:00:00+00:00,2024-07-11 21:00:00+00:00,2024-07-11 12:00:00+00:00,1.4760265,-400.78,-193.07023289226635,207.70976710773363
1091,GBP_USD,bullish,2024-07-02 21:00:00+00:00,2024-07-15 21:00:00+00:00,2024-07-11 12:00:00+00:00,1.27644636,566.06,388.15554937374026,-177.9044506262597
1102,NZD_USD,bullish,2024-07-04 21:00:00+00:00,2024-07-18 21:00:00+00:00,2024-07-11 12:00:00+00:00,0.6147484599999999,-415.07,-76.49980483113178,338.5701951688682
1100,EUR_USD,bearish,2024-07-04 21:00:00+00:00,2024-07-14 21:00:00+00:00,2024-07-11 12:00:00+00:00,1.0818366,-419.49,-269.52072254922643,149.96927745077357
1101,EUR_USD,bullish,2024-07-04 21:00:00+00:00,2024-08-14 21:00:00+00:00,2024-07-11 12:00:00+00:00,1.08325502,566.13,125.47484785883357,-440.6551521411664
1097,GBP_CAD,bullish,2024-07-04 21:00:00+00:00,2024-07-24 21:00:00+00:00,2024-07-11 12:00:00+00:00,1.74401562,843.42,308.3575652939145,-535.0624347060855
1099,NZD_CAD,bullish,2024-07-04 21:00:00+00:00,2024-07-15 21:00:00+00:00,2024-07-11 12:00:00+00:00,0.8327968800000001,-425.99,35.654565444664776,461.6445654446648
1103,NZD_USD,bullish,2024-07-07 21:00:00+00:00,2024-07-18 21:00:00+00:00,2024-07-11 12:00:00+00:00,0.61498948,-414.44,-82.41178377144874,332.0282162285513
1105,GBP_NZD,bullish,2024-07-09 21:00:00+00:00,2024-07-16 21:00:00+00:00,2024-07-11 12:00:00+00:00,2.0898958,1046.12,433.26211923491354,-612.8578807650863
1106,EUR_NZD,bullish,2024-07-09 21:00:00+00:00,2024-07-11 21:00:00+00:00,2024-07-11 12:00:00+00:00,1.76722444,561.14,306.68884003115824,-254.45115996884175
1107,NZD_CAD,bullish,2024-07-09 21:00:00+00:00,2024-07-15 21:00:00+00:00,2024-07-11 12:00:00+00:00,0.8327968800000001,-443.33,35.77827201254162,479.1082720125416
1108,NZD_CHF,bullish,2024-07-09 21:00:00+00:00,2024-07-15 21:00:00+00:00,2024-07-11 12:00:00+00:00,0.547239,-474.83,-15.721636467999199,459.1083635320008
1109,NZD_USD,bullish,2024-07-09 21:00:00+00:00,2024-07-18 21:00:00+00:00,2024-07-11 12:00:00+00:00,0.60849596,-422.95,264.8363400038938,687.7863400038938
1120,CAD_JPY,bullish,2024-07-10 21:00:00+00:00,2024-07-16 21:00:00+00:00,2024-07-11 12:00:00+00:00,116.499768,-408.09,27.551932052162385,435.64193205216236
1119,EUR_JPY,bullish,2024-07-10 21:00:00+00:00,2024-07-17 21:00:00+00:00,2024-07-11 12:00:00+00:00,172.173434,-387.89,112.45986199550366,500.34986199550366
1118,GBP_JPY,bullish,2024-07-10 21:00:00+00:00,2024-07-22 21:00:00+00:00,2024-07-11 12:00:00+00:00,204.512556,-383.97,97.99251645890469,481.9625164589047
1117,CHF_JPY,bullish,2024-07-10 21:00:00+00:00,2024-07-11 21:00:00+00:00,2024-07-11 12:00:00+00:00,178.860774,-423.8,-553.8381878002133,-130.03818780021328
1116,GBP_AUD,bullish,2024-07-10 21:00:00+00:00,2024-07-16 21:00:00+00:00,2024-07-11 12:00:00+00:00,1.9005502,1034.38,141.20902285441417,-893.170977145586
1113,USD_JPY,bullish,2024-07-10 21:00:00+00:00,2024-07-16 21:00:00+00:00,2024-07-11 12:00:00+00:00,159.029192,-404.62,-73.3558406841694,331.2641593158306
1114,AUD_JPY,bullish,2024-07-10 21:00:00+00:00,2024-07-16 21:00:00+00:00,2024-07-11 12:00:00+00:00,107.054216,-395.91,207.87122897450257,603.7812289745026
1112,NZD_JPY,bullish,2024-07-10 21:00:00+00:00,2024-07-11 21:00:00+00:00,2024-07-11 12:00:00+00:00,98.11548,-426.94,-465.16442790166155,-38.22442790166156
1111,NZD_JPY,bullish,2024-07-10 21:00:00+00:00,2024-07-11 21:00:00+00:00,2024-07-11 12:00:00+00:00,98.29,-422.01,-477.6381412893363,-55.62814128933633
1110,NZD_JPY,bullish,2024-07-10 21:00:00+00:00,2024-07-11 21:00:00+00:00,2024-07-11 12:00:00+00:00,97.796508,-425.09,-292.6337045659669,132.45629543403305
1115,AUD_JPY,bullish,2024-07-10 21:00:00+00:00,2024-07-16 21:00:00+00:00,2024-07-11 12:00:00+00:00,107.567508,-417.59,59.77018570031894,477.36018570031894
