trade_id,symbol,halt_time,halt_r,halt_pnl,original_r,original_pnl
3,SPX500_USD,2023-03-13 12:00:00+00:00,0.0,0.0,1.49,581.1
17,XAU_USD,2023-03-13 12:00:00+00:00,0.0,0.0,-0.96,-382.73322076259404
21,NAS100_USD,2023-03-13 12:00:00+00:00,0.0,0.0,1.49,578.9319488150284
22,NAS100_USD,2023-03-13 12:00:00+00:00,0.0,0.0,1.49,578.9319488150284
25,XAU_USD,2023-03-13 12:00:00+00:00,0.0,0.0,-1.0,-392.3326096621356
26,BTC_USD,2023-03-13 12:00:00+00:00,0.0,0.0,2.2,844.2630174116576
37,NZD_CAD,2023-03-13 12:00:00+00:00,0.8274963266427562,317.55661164930723,1.4,537.2582838074185
28,GBP_NZD,2023-03-13 12:00:00+00:00,0.4082255417600686,156.65896712312005,1.45,556.4460796576834
29,GBP_NZD,2023-03-13 12:00:00+00:00,0.1906334862146746,73.15672831422945,1.46,560.2836388277364
30,EUR_NZD,2023-03-13 12:00:00+00:00,0.2779956006550839,106.68245665283058,-1.0,-383.7559170052989
31,USD_JPY,2023-03-13 12:00:00+00:00,-0.2852172290319974,-109.45379927288452,-0.98,-376.0807986651929
32,CHF_JPY,2023-03-13 12:00:00+00:00,0.24888925075988627,95.51272265812194,1.44,552.6085204876304
33,GBP_JPY,2023-03-13 12:00:00+00:00,-0.7508883559015422,-288.1578495875976,-0.99,-379.9183578352459
34,GBP_JPY,2023-03-13 12:00:00+00:00,-0.7700882370336306,-295.5259175778349,-0.99,-379.9183578352459
35,EUR_GBP,2023-03-13 12:00:00+00:00,0.5885973572052354,225.8777185611906,-1.1,-422.1315087058288
36,EUR_GBP,2023-03-13 12:00:00+00:00,0.2607391645295236,100.06019718322284,-1.08,-414.4563903657228
38,EUR_JPY,2023-03-13 12:00:00+00:00,-1.421194891991721,-545.3919490195296,-1.02,-391.4310353454049
39,NZD_USD,2023-03-13 12:00:00+00:00,-0.06034864949860205,-23.159151328367404,-1.04,-399.1061536855109
44,ETH_USD,2023-03-13 12:00:00+00:00,0.0,0.0,-1.0,-383.7559170052989
43,XAG_USD,2023-03-13 12:00:00+00:00,0.0,0.0,-1.01,-387.5934761753519
40,BTC_USD,2023-03-13 12:00:00+00:00,0.0,0.0,-1.0,-383.7559170052989
41,BTC_USD,2023-03-13 12:00:00+00:00,0.0,0.0,-1.0,-383.7559170052989
42,XAG_USD,2023-03-13 12:00:00+00:00,0.0,0.0,-1.01,-387.5934761753519
45,USD_CAD,2023-03-15 20:00:00+00:00,0.6677335404505245,253.773008331358,-1.01,-383.851825447823
59,EUR_GBP,2023-03-15 20:00:00+00:00,-0.4360221203231194,-165.71077903134622,-1.05,-399.0538779408061
58,EUR_GBP,2023-03-15 20:00:00+00:00,-0.49919898803420115,-189.72123051349908,-1.08,-410.45541731054345
60,NZD_CHF,2023-03-15 20:00:00+00:00,0.0,0.0,2.66,1010.9364907833755
57,GBP_JPY,2023-03-15 20:00:00+00:00,1.7301427319096172,657.5430157710792,2.67,1014.7370039066211
63,EUR_JPY,2023-03-15 20:00:00+00:00,-1.984538978400027,-754.226643100206,-1.06,-402.85439106405187
64,EUR_JPY,2023-03-15 20:00:00+00:00,3.4201120390927984,1299.8180687543038,3.1,1178.1590682061894
65,EUR_JPY,2023-03-15 20:00:00+00:00,2.123905925798531,807.1932343536778,2.67,1014.7370039066211
61,EUR_USD,2023-03-15 20:00:00+00:00,0.615995241650468,234.10979997495545,-1.03,-391.4528516943146
56,GBP_USD,2023-03-15 20:00:00+00:00,0.0779224790709548,29.614540430500774,1.47,558.6754291171285
62,EUR_USD,2023-03-15 20:00:00+00:00,-0.29958181923082294,-113.85646354725853,2.66,1010.9364907833755
54,GBP_CHF,2023-03-15 20:00:00+00:00,-0.11927234986983003,-45.32961309206502,-1.03,-391.4528516943146
53,CHF_JPY,2023-03-15 20:00:00+00:00,-0.26257936465592013,-99.79363212683616,-1.04,-395.25336481756034
52,CHF_JPY,2023-03-15 20:00:00+00:00,-1.6506231717213073,-627.3215025660388,-1.05,-399.0538779408061
51,EUR_AUD,2023-03-15 20:00:00+00:00,0.39688120746215644,150.83522373295534,1.46,554.8749159938827
50,USD_CHF,2023-03-15 20:00:00+00:00,-0.1722386096483383,-65.45950962981155,1.45,551.074402870637
49,USD_CHF,2023-03-15 20:00:00+00:00,0.6499667275394896,247.02070776869394,-1.01,-383.851825447823
55,GBP_CHF,2023-03-15 20:00:00+00:00,-0.2741896762639881,-104.20614628997966,-1.06,-402.85439106405187
48,EUR_NZD,2023-03-15 20:00:00+00:00,-0.5917820148984467,-224.9075313722372,-1.04,-395.25336481756034
47,EUR_NZD,2023-03-15 20:00:00+00:00,-0.6515955847875463,-247.6397571034073,-1.04,-395.25336481756034
46,EUR_NZD,2023-03-15 20:00:00+00:00,0.5025525330362852,190.99574969248064,1.46,554.8749159938827
69,AUD_USD,2023-05-02 08:00:00+00:00,0.2219958787692478,86.14862220436585,2.14,830.4570901920783
79,EUR_GBP,2023-05-02 08:00:00+00:00,-0.16079059610396126,-62.54711657783553,-1.06,-412.33719619795784
83,EUR_JPY,2023-05-02 08:00:00+00:00,1.3556045759556206,527.3265943421341,1.48,575.716085257526
104,AUD_JPY,2023-05-02 08:00:00+00:00,0.9710026565417834,395.7640417775418,2.7,1100.473727440705
111,XAU_USD,2023-05-02 08:00:00+00:00,0.0,0.0,1.49,603.2962352996208
116,GBP_CHF,2023-05-02 08:00:00+00:00,0.19301599235423975,80.98255500255301,-0.99,-415.36832505250396
120,NZD_USD,2023-05-02 08:00:00+00:00,0.05080873426969173,21.694791428790055,-1.02,-435.5291973995502
121,XAU_USD,2023-05-02 08:00:00+00:00,0.0,0.0,1.49,636.2142197307154
122,BTC_USD,2023-05-02 08:00:00+00:00,0.0,0.0,-0.96,-409.9098328466354
123,GBP_CHF,2023-05-02 08:00:00+00:00,0.09810038701852063,41.34328455496631,-1.0,-421.438546895447
125,USD_JPY,2023-05-02 08:00:00+00:00,1.0172257756913732,420.60198607256143,1.48,611.9496322871934
126,NAS100_USD,2023-05-02 08:00:00+00:00,0.0,0.0,-0.96,-394.3206854533821
131,AUD_CAD,2023-05-02 08:00:00+00:00,-0.2607498366170549,-107.10318156947343,1.42,583.2660138997944
132,ETH_USD,2023-05-02 08:00:00+00:00,0.0,0.0,-0.96,-401.8149719067598
135,GBP_USD,2023-05-02 08:00:00+00:00,0.11123387506540051,46.557746233837435,1.45,606.9080304841684
137,EUR_USD,2023-05-02 08:00:00+00:00,0.2459223114154391,104.82913600631535,-1.01,-430.53201133718477
139,GBP_USD,2023-05-02 08:00:00+00:00,0.2565971013703719,110.88472198657777,1.44,622.2751496720875
140,BTC_USD,2023-05-02 08:00:00+00:00,0.0,0.0,-0.96,-414.8500997813917
141,ETH_USD,2023-05-02 08:00:00+00:00,0.0,0.0,-1.0,-432.13552060561636
142,GBP_USD,2023-05-02 08:00:00+00:00,0.21166390095193147,91.46749003127852,1.44,622.2751496720875
143,AUD_CAD,2023-05-02 08:00:00+00:00,-0.31976630366970965,-138.1823781084436,1.43,617.9537944660314
144,NAS100_USD,2023-05-02 08:00:00+00:00,0.0,0.0,-0.96,-418.5922030863442
148,USD_CAD,2023-05-02 08:00:00+00:00,0.2090802792514737,91.16601532685672,-0.99,-431.6732094327925
149,AUD_JPY,2023-05-02 08:00:00+00:00,2.397640151868205,1077.2312107093728,2.67,1199.5992519365043
150,USD_CAD,2023-05-02 08:00:00+00:00,-0.038038953201964314,-17.090449365364826,-1.02,-458.273871526305
152,SPX500_USD,2023-05-02 08:00:00+00:00,0.0,0.0,-0.97,-436.96017733060836
153,NAS100_USD,2023-05-02 08:00:00+00:00,0.0,0.0,1.49,671.206870332584
154,EUR_CHF,2023-05-02 08:00:00+00:00,-0.2087402397017309,-94.03213624340415,1.4,630.6641734668574
155,EUR_CHF,2023-05-02 08:00:00+00:00,-0.05402812503492052,-24.560322583702796,1.38,627.3259555759765
156,AUD_NZD,2023-05-02 08:00:00+00:00,0.40942399647077166,186.11760856649425,-1.06,-481.85906732647476
157,SPX500_USD,2023-05-02 08:00:00+00:00,0.0,0.0,-0.97,-467.1825484447814
167,EUR_USD,2023-05-02 08:00:00+00:00,0.022464426993487715,10.81957551770034,1.44,693.5493502685414
166,NZD_CHF,2023-05-02 08:00:00+00:00,-0.5627296468760585,-271.0283201164834,-1.08,-520.1620127014061
165,NZD_CHF,2023-05-02 08:00:00+00:00,-0.6180239304029042,-297.65978845926696,-1.11,-534.6109574986674
164,NZD_CAD,2023-05-02 08:00:00+00:00,0.009030240992329335,4.349248453471083,-1.0,-481.63149324204267
162,AUD_NZD,2023-05-02 08:00:00+00:00,-0.3690877725604934,-177.76429503568986,-0.99,-476.81517830962224
160,NZD_JPY,2023-05-02 08:00:00+00:00,2.037801965220814,981.4696034408697,2.14,1030.6913955379714
169,GBP_NZD,2023-05-02 08:00:00+00:00,0.15912848893398937,75.6816925824329,-1.02,-485.1131745875133
170,EUR_NZD,2023-05-02 08:00:00+00:00,-0.07822733234047896,-37.205009344315876,-1.03,-489.86918610307714
171,EUR_AUD,2023-05-02 08:00:00+00:00,0.03589025653905869,17.069447339630408,1.46,694.3776812723229
172,EUR_AUD,2023-05-02 08:00:00+00:00,-0.2194889526644461,-104.38919864111557,-0.99,-470.8451400408217
173,GBP_AUD,2023-05-02 08:00:00+00:00,0.019771647034048156,9.403418097559697,1.46,694.3776812723229
174,GBP_AUD,2023-05-02 08:00:00+00:00,-0.11708202857554434,-55.68434761708653,1.47,699.1336927878867
175,CHF_JPY,2023-05-02 08:00:00+00:00,0.04285435713190052,20.381581601140493,1.48,703.8897043034506
176,AUD_CHF,2023-05-02 08:00:00+00:00,-0.34340883721816934,-163.3256384356007,1.41,670.5976236945036
177,AUD_CHF,2023-05-02 08:00:00+00:00,-0.47282122697263257,-224.8743200284872,1.41,670.5976236945036
178,XAG_USD,2023-05-02 08:00:00+00:00,0.0,0.0,1.49,747.3199141757558
236,EUR_NZD,2023-07-24 08:00:00+00:00,0.27205778381364676,138.80314541824404,1.48,755.0919967785778
291,AUD_CAD,2023-07-24 08:00:00+00:00,0.2318259005834522,126.60416376672607,1.45,791.8702655731493
302,AUD_NZD,2023-07-24 08:00:00+00:00,0.3190021182168656,180.66546940232425,-1.0,-566.3456732268572
300,AUD_CHF,2023-07-24 08:00:00+00:00,0.5702914554381765,322.9820982656583,1.46,826.8646829112115
299,EUR_AUD,2023-07-24 08:00:00+00:00,0.19173952299394684,108.59084923420329,1.48,838.1915963757486
308,SPX500_USD,2023-07-24 08:00:00+00:00,0.0,0.0,-0.96,-566.9286614409176
313,ETH_USD,2023-07-24 08:00:00+00:00,0.0,0.0,-1.0,-595.8921611614068
322,ETH_USD,2023-07-24 08:00:00+00:00,0.0,0.0,-0.96,-568.5889751192833
332,ETH_USD,2023-07-24 08:00:00+00:00,0.0,0.0,-1.0,-597.5544374403339
337,EUR_AUD,2023-07-24 08:00:00+00:00,0.10054731692962884,59.250253643624475,1.46,860.3448899609642
341,SPX500_USD,2023-07-24 08:00:00+00:00,0.0,0.0,1.49,914.4505959622807
350,XAU_USD,2023-07-24 08:00:00+00:00,0.0,0.0,-1.0,-619.3089214407074
352,AUD_USD,2023-07-24 08:00:00+00:00,0.3702363755055988,229.29069039248913,1.45,897.9979360890258
355,BTC_USD,2023-07-24 08:00:00+00:00,0.0,0.0,1.49,909.6953959496915
357,USD_CAD,2023-07-24 08:00:00+00:00,0.11858047639614265,72.47181301368575,-1.02,-623.3846542074111
360,USD_CAD,2023-07-24 08:00:00+00:00,-0.005066712331210451,-3.3159541397510393,-1.02,-667.547909067501
359,NZD_JPY,2023-07-24 08:00:00+00:00,-0.3306716636217027,-216.41095846915653,-1.03,-674.0924964113
362,USD_CAD,2023-07-24 08:00:00+00:00,0.25032314476390793,164.3109827370582,-1.0,-656.3954878883771
363,GBP_CAD,2023-07-24 08:00:00+00:00,-0.2242260659337397,-147.53003800160548,1.46,960.6102421026925
364,GBP_CAD,2023-07-24 08:00:00+00:00,-0.33974978668883027,-223.5391266065037,1.47,967.1897643088754
366,NZD_CAD,2023-07-24 08:00:00+00:00,-0.3935988351359589,-258.96922761047347,-1.05,-690.8498316491967
368,EUR_AUD,2023-07-24 08:00:00+00:00,0.22902493953533754,152.29418491737775,1.42,944.2541193174675
369,GBP_AUD,2023-07-24 08:00:00+00:00,-0.3788062528099838,-251.89391875988818,1.46,970.852826903875
370,GBP_USD,2023-07-24 08:00:00+00:00,-0.19757516785283374,-131.38110290132278,-0.99,-658.3180127635865
371,CAD_JPY,2023-07-24 08:00:00+00:00,0.2455644186530329,163.29240413445456,-1.03,-684.9167203499941
377,NZD_USD,2023-07-24 08:00:00+00:00,0.030710356617673643,20.345314653054764,-1.05,-695.6148589109334
378,NZD_USD,2023-07-24 08:00:00+00:00,-0.04144968276697443,-27.460014504620826,1.47,973.8608024753067
375,GBP_AUD,2023-07-24 08:00:00+00:00,-0.1754810934766046,-116.25452960025203,1.47,973.8608024753067
376,GBP_JPY,2023-07-24 08:00:00+00:00,0.28934624544244364,191.68909304747976,-1.0,-662.4903418199366
374,AUD_USD,2023-07-24 08:00:00+00:00,0.05825686914339497,38.59461315216705,-1.01,-669.1152452381359
373,USD_JPY,2023-07-24 08:00:00+00:00,0.5510905516119573,365.092167911143,1.47,973.8608024753067
372,GBP_NZD,2023-07-24 08:00:00+00:00,-0.14567864347747916,-96.51069431325985,2.7,1788.7239229138288
379,NAS100_USD,2023-07-24 08:00:00+00:00,0.0,0.0,-0.96,-631.4852295182733
380,CAD_CHF,2023-07-24 08:00:00+00:00,0.4190676934080569,275.6615193286252,-1.08,-710.4208832080575
381,GBP_AUD,2023-07-24 08:00:00+00:00,-0.4376917888796766,-287.9123955822356,1.46,960.3837865590406
382,AUD_NZD,2023-07-24 08:00:00+00:00,0.09772314865954576,64.28200516721,-1.05,-690.6869697856115
383,GBP_JPY,2023-07-24 08:00:00+00:00,0.2894479856644782,190.39804964680718,-1.0,-657.7971140815347
384,EUR_CAD,2023-07-24 08:00:00+00:00,0.18115547573597,119.16354913918855,-0.99,-651.2191429407193
385,NAS100_USD,2023-07-24 08:00:00+00:00,0.0,0.0,-1.0,-669.8326415973763
386,BTC_USD,2023-07-24 08:00:00+00:00,0.0,0.0,2.2,1473.631811514228
392,EUR_CAD,2023-07-27 17:00:00+00:00,-0.1409175583706407,-94.38008357599843,1.46,977.8406865277224
391,EUR_GBP,2023-07-27 17:00:00+00:00,0.024661387281715096,16.517060185122144,1.4,937.6554528348022
388,EUR_NZD,2023-07-27 17:00:00+00:00,-0.058569467626832315,-39.22712906423625,1.47,984.5382254765424
390,EUR_AUD,2023-07-27 17:00:00+00:00,-0.35026573167198666,-234.59183803100714,1.46,977.8406865277224
394,USD_JPY,2023-07-27 17:00:00+00:00,-0.354834777875533,-237.65197452172814,-1.03,-689.8465117284617
405,GBP_JPY,2023-07-27 17:00:00+00:00,-1.010983077642422,-677.1098539108052,-1.04,-696.5440506772817
410,EUR_JPY,2023-07-27 17:00:00+00:00,-1.000432472586844,-670.0435450814701,-1.03,-689.8465117284617
409,EUR_JPY,2023-07-27 17:00:00+00:00,-1.0504378583599223,-703.5348469680663,-1.04,-696.5440506772817
408,EUR_JPY,2023-07-27 17:00:00+00:00,-1.089078319381825,-729.4144462375218,-1.05,-703.2415896261018
407,EUR_USD,2023-07-27 17:00:00+00:00,0.08105875446190862,54.289416515147124,-1.04,-696.5440506772817
404,AUD_NZD,2023-07-27 17:00:00+00:00,0.050123348668414,33.57030799519887,-1.08,-723.3342064725618
406,GBP_JPY,2023-07-27 17:00:00+00:00,-0.0506353947873642,-33.91325287772498,2.18,1460.0634908427637
402,CHF_JPY,2023-07-27 17:00:00+00:00,0.12900109110503738,86.39898321162673,1.47,984.5382254765424
401,CAD_CHF,2023-07-27 17:00:00+00:00,0.25244188673831724,169.0739368743491,-1.08,-723.3342064725618
400,AUD_JPY,2023-07-27 17:00:00+00:00,-0.5842928685221276,-391.3324244444722,-1.07,-716.6366675237418
399,AUD_JPY,2023-07-27 17:00:00+00:00,-0.6862988452182174,-459.6513246379211,-1.06,-709.9391285749218
398,USD_JPY,2023-07-27 17:00:00+00:00,-0.24033269524173972,-160.9637587056443,2.16,1446.6684129451237
403,CHF_JPY,2023-07-27 17:00:00+00:00,0.33876277445160013,226.88768762999223,1.46,977.8406865277224
411,XAU_USD,2023-07-27 17:00:00+00:00,0.0,0.0,1.49,972.1167688158922
412,XAG_USD,2023-07-27 17:00:00+00:00,0.0,0.0,1.49,972.1167688158922
423,EUR_JPY,2023-08-31 14:00:00+00:00,0.5178032022735566,324.8875211168685,1.48,928.6028536357718
426,AUD_JPY,2023-08-31 14:00:00+00:00,-0.1383906407537653,-86.83104318947933,1.47,922.3285100301247
435,CAD_JPY,2023-08-31 14:00:00+00:00,0.7060099995626875,443.2916597047355,2.17,1362.5060582075564
440,USD_CHF,2023-08-31 14:00:00+00:00,-0.04010517715934072,-26.328246888541457,-1.04,-682.7392048486647
445,AUD_NZD,2023-08-31 14:00:00+00:00,-0.24395310816591886,-159.0364919882037,1.41,919.1990025839503
448,AUD_JPY,2023-08-31 14:00:00+00:00,0.3760718339656337,252.7759256583423,1.44,967.8930993307937
449,GBP_CHF,2023-08-31 14:00:00+00:00,0.125760204937629,84.52946842330383,1.43,961.1716194743299
450,GBP_CHF,2023-08-31 14:00:00+00:00,0.15055500773726416,100.51899894610366,1.43,954.7485045716638
456,CAD_JPY,2023-08-31 14:00:00+00:00,0.6660815679217565,444.7135530741582,1.44,961.4250675406965
454,NZD_CAD,2023-08-31 14:00:00+00:00,0.06043688043541227,40.35106378789253,-1.05,-701.0391117484246
453,AUD_CHF,2023-08-31 14:00:00+00:00,-0.42928262114447624,-286.61324515824674,-1.1,-734.4219265935877
452,EUR_AUD,2023-08-31 14:00:00+00:00,-0.4574803188263165,-305.4396155737019,-1.05,-701.0391117484246
451,EUR_AUD,2023-08-31 14:00:00+00:00,-0.39358581345358273,-262.7800467240769,-1.05,-701.0391117484246
457,SPX500_USD,2023-08-31 14:00:00+00:00,0.0,0.0,-0.96,-642.3720226080634
458,NAS100_USD,2023-08-31 14:00:00+00:00,0.0,0.0,-1.0,-669.137523550066
460,GBP_JPY,2023-08-31 14:00:00+00:00,0.24862866356031282,167.92720678005986,-0.98,-661.9054307249545
461,NZD_CAD,2023-08-31 14:00:00+00:00,0.11915387735781512,80.4781617500745,1.4,945.5791867499349
463,XAU_USD,2023-08-31 14:00:00+00:00,0.0,0.0,-1.0,-675.4137048213821
466,NAS100_USD,2023-08-31 14:00:00+00:00,0.0,0.0,2.2,1485.9101506070408
467,GBP_JPY,2023-08-31 14:00:00+00:00,0.42367969982699755,286.15907571776347,-0.98,-661.9054307249545
470,AUD_CHF,2023-08-31 14:00:00+00:00,-0.4917678237046963,-329.9661844528532,-1.1,-738.0775752341527
471,NZD_JPY,2023-08-31 14:00:00+00:00,-0.07047801946353557,-47.73486732189502,1.41,954.9950954381645
472,GBP_NZD,2023-08-31 14:00:00+00:00,0.3024031485827625,204.81810194439487,-0.98,-663.7554564038307
473,GBP_AUD,2023-08-31 14:00:00+00:00,0.05262871156550126,35.64550455622944,-0.98,-663.7554564038307
474,AUD_CHF,2023-08-31 14:00:00+00:00,-0.3817164655581183,-258.53712940141423,-1.07,-724.712590155203
475,SPX500_USD,2023-08-31 14:00:00+00:00,0.0,0.0,-0.96,-650.2094266813035
481,EUR_USD,2023-08-31 14:00:00+00:00,-0.3626631813335919,-245.63231168055458,-1.04,-704.3935455714122
480,EUR_USD,2023-08-31 14:00:00+00:00,0.4227752035906651,286.346273689331,1.42,961.7681102994281
479,GBP_USD,2023-08-31 14:00:00+00:00,0.3140154371965596,212.68312227984782,1.44,975.3141400219553
477,NZD_JPY,2023-08-31 14:00:00+00:00,-0.37016824773135876,-250.71550430523908,1.46,988.8601697444825
476,EUR_CHF,2023-08-31 14:00:00+00:00,0.11199623230966675,75.8552145838901,-1.06,-717.9395752939394
478,EUR_NZD,2023-08-31 14:00:00+00:00,-0.050416500338506004,-34.14717060456014,-1.01,-684.0745009876215
489,EUR_JPY,2023-08-31 14:00:00+00:00,-0.14478682836233434,-98.06433402133095,-1.05,-711.1665604326759
482,EUR_NZD,2023-08-31 14:00:00+00:00,-0.0494289856838533,-33.47832546139231,-1.06,-717.9395752939394
483,USD_JPY,2023-08-31 14:00:00+00:00,0.1228553448039835,83.21010761430414,1.44,975.3141400219553
484,CHF_JPY,2023-08-31 14:00:00+00:00,-0.4717773148093103,-319.53547644104844,-1.06,-717.9395752939394
485,USD_CAD,2023-08-31 14:00:00+00:00,0.18446048416481708,124.93536005641812,1.43,968.5411251606918
486,NZD_CAD,2023-08-31 14:00:00+00:00,0.3576428744181373,242.23205034590677,2.04,1381.69503169777
487,NZD_CHF,2023-08-31 14:00:00+00:00,0.1448910212326342,98.13490400722881,-1.05,-711.1665604326759
488,EUR_CAD,2023-08-31 14:00:00+00:00,-0.026372120863777052,-17.861876653340126,-1.08,-731.4856050164666
493,AUD_CAD,2023-09-11 11:00:00+00:00,0.25517230819798,183.44640930800378,1.43,1028.0440192080453
490,GBP_NZD,2023-09-11 11:00:00+00:00,0.0460047612909541,33.073370419761645,-0.98,-704.5336635132059
491,CHF_JPY,2023-09-11 11:00:00+00:00,0.16585221716503523,119.23313281741845,-0.99,-711.7227825286468
494,NZD_CHF,2023-09-11 11:00:00+00:00,0.06422955424064812,46.17539097447346,-1.07,-769.2357346521738
495,AUD_CAD,2023-09-11 11:00:00+00:00,0.44898419375728693,322.7800804972902,1.42,1020.8549001926044
504,NZD_CAD,2023-09-11 11:00:00+00:00,-0.2891508743792343,-207.87400493311094,-1.11,-797.9922107139373
503,NZD_CAD,2023-09-11 11:00:00+00:00,-0.17496488964233703,-125.78434151622396,-1.13,-812.370448744819
506,EUR_CAD,2023-09-11 11:00:00+00:00,-0.18848172853886716,-135.50175787019353,-1.01,-726.1010205595285
505,AUD_CAD,2023-09-11 11:00:00+00:00,0.33496137443764734,240.8077186407902,-1.06,-762.0466156367329
501,GBP_CHF,2023-09-11 11:00:00+00:00,0.16051519360872518,115.39628306396601,1.42,1020.8549001926044
502,EUR_GBP,2023-09-11 11:00:00+00:00,0.4742346612990738,340.9329421326335,1.38,992.0984241308408
498,AUD_USD,2023-09-11 11:00:00+00:00,0.11892186147793046,85.49434157026157,1.43,1028.0440192080453
497,EUR_NZD,2023-09-11 11:00:00+00:00,-0.5580724495783146,-401.2049259257131,-1.04,-747.6683776058512
507,GBP_CAD,2023-09-11 11:00:00+00:00,-0.4176520400087173,-300.2550222664343,-1.04,-747.6683776058512
508,CAD_JPY,2023-09-11 11:00:00+00:00,0.41716424150368697,299.90433811561263,1.43,1028.0440192080453
510,EUR_NZD,2023-09-11 11:00:00+00:00,-0.7304725435400898,-525.1454053021523,-1.06,-762.0466156367329
511,CAD_CHF,2023-09-11 11:00:00+00:00,-0.19255058642388095,-138.42690822942143,-1.08,-776.4248536676147
512,USD_CAD,2023-09-11 11:00:00+00:00,-0.370866271640239,-266.62017656345034,-1.12,-805.1813297293783
513,USD_CAD,2023-09-11 11:00:00+00:00,-0.5035612039077489,-362.01614264514984,-1.09,-783.6139726830556
516,AUD_USD,2023-09-11 11:00:00+00:00,0.11957758634233859,86.1669098343748,1.42,1023.2437006590551
517,ETH_USD,2023-09-11 11:00:00+00:00,0.0,0.0,-1.0,-710.8277372112244
523,BTC_USD,2023-09-28 21:00:00+00:00,0.0,0.0,-1.0,-692.815463826066
524,ETH_USD,2023-09-28 21:00:00+00:00,0.0,0.0,-1.0,-692.815463826066
526,ETH_USD,2023-09-28 21:00:00+00:00,0.0,0.0,-1.0,-692.815463826066
534,EUR_JPY,2023-09-28 21:00:00+00:00,-0.22699070143106467,-157.26266809616712,-1.04,-720.5280823791087
533,EUR_JPY,2023-09-28 21:00:00+00:00,-0.3132113549247516,-216.99767013778236,-1.04,-720.5280823791087
539,EUR_AUD,2023-09-28 21:00:00+00:00,-0.3544525040292244,-245.8415310277792,-0.98,-679.709404415322
543,EUR_AUD,2023-09-28 21:00:00+00:00,-0.35288112502348323,-243.51917036903438,-0.98,-676.2866303653173
547,GBP_CHF,2023-09-28 21:00:00+00:00,0.11053706173261328,76.97722713622386,1.42,988.8779457323618
548,GBP_CHF,2023-09-28 21:00:00+00:00,0.11530835278845142,80.29992044452555,1.42,988.8779457323618
549,AUD_JPY,2023-09-28 21:00:00+00:00,0.8824279498297796,606.6025087458593,2.12,1457.3397395099405
550,EUR_AUD,2023-09-28 21:00:00+00:00,0.8553052065346634,587.9576730626047,1.44,989.8911438180726
551,EUR_GBP,2023-09-28 21:00:00+00:00,0.4378955973781638,301.0201206677561,1.37,941.7714354380275
554,BTC_USD,2023-09-28 21:00:00+00:00,0.0,0.0,-1.01,-694.2986494835093
559,NZD_USD,2023-09-28 21:00:00+00:00,0.06523281712302574,44.54439785881558,1.39,949.1650944183801
558,EUR_CAD,2023-09-28 21:00:00+00:00,0.5388490304618504,367.95445386732007,-1.05,-716.9952152081289
560,NZD_USD,2023-09-28 21:00:00+00:00,0.02667246876961095,18.213364271999335,1.4,955.9936202775052
556,NZD_CAD,2023-09-28 21:00:00+00:00,-0.03595200584259497,-24.549920158357416,-1.11,-757.9663703628793
555,USD_CAD,2023-09-28 21:00:00+00:00,-0.10041464766309581,-68.56840182023792,2.63,1795.9023009498849
557,NZD_CAD,2023-09-28 21:00:00+00:00,0.026085975599908433,17.81287589444795,-1.12,-764.7948962220042
561,NZD_USD,2023-09-28 21:00:00+00:00,-0.027038363160363472,-18.463216202895573,-1.05,-716.9952152081289
671,NZD_CHF,2024-04-03 22:00:00+00:00,-0.46552341990197865,-360.9866667020939,-1.02,-790.9513985647937
728,NZD_CHF,2024-04-03 22:00:00+00:00,-0.10644346880317407,-118.45330189731081,-1.09,-1212.982821020379
749,AUD_CAD,2024-04-03 22:00:00+00:00,0.05363246898548828,60.2246807045868,1.41,1583.3095399065805
745,USD_JPY,2024-04-03 22:00:00+00:00,0.8636272716515843,969.7796440634364,2.7,3031.8693317360053
746,EUR_AUD,2024-04-03 22:00:00+00:00,-0.3932227990416423,-441.555609242128,-1.0,-1122.9145673096316
764,AUD_CAD,2024-04-03 22:00:00+00:00,-0.15406137157554556,-168.50749298820122,-1.07,-1170.3324178764817
766,CAD_JPY,2024-04-03 22:00:00+00:00,0.4174051676594182,456.54467205699547,1.47,1607.839863811615
760,AUD_USD,2024-04-03 22:00:00+00:00,-0.2258290168740652,-247.004690976536,1.43,1564.0891192181018
773,BTC_USD,2024-04-03 22:00:00+00:00,0.0,0.0,-0.96,-1113.2973019616752
774,BTC_USD,2024-04-03 22:00:00+00:00,0.0,0.0,-0.96,-1113.2973019616752
775,BTC_USD,2024-04-03 22:00:00+00:00,0.0,0.0,-0.96,-1113.2973019616752
785,AUD_CHF,2024-04-03 22:00:00+00:00,0.921898706063644,1139.27617779866,1.41,1742.4684513931977
786,USD_CAD,2024-04-03 22:00:00+00:00,-0.04207916276432594,-52.00114438147328,1.4,1730.1105191138133
789,ETH_USD,2024-04-03 22:00:00+00:00,0.0,0.0,-0.96,-1190.2157292901168
790,EUR_GBP,2024-04-03 22:00:00+00:00,-0.36593353609598755,-451.7952029346844,-1.14,-1407.4865529964409
793,GBP_USD,2024-04-03 22:00:00+00:00,-0.44706386199640125,-548.9560730475079,-1.05,-1289.309930187386
794,GBP_JPY,2024-04-03 22:00:00+00:00,0.5354773305766408,657.5202282882825,1.47,1805.0339022623405
796,GBP_JPY,2024-04-03 22:00:00+00:00,0.623385113116939,771.2679055844397,2.69,3328.136367659704
807,NZD_USD,2024-04-03 22:00:00+00:00,-0.056553334212327874,-69.51442247229858,-1.13,-1388.9772988234217
806,EUR_CAD,2024-04-03 22:00:00+00:00,0.02011812369300075,24.72886469424749,1.44,1770.0241684121484
805,EUR_CAD,2024-04-03 22:00:00+00:00,0.057050884976572715,70.1260036373856,1.41,1733.148664903562
804,EUR_USD,2024-04-03 22:00:00+00:00,-0.10369170342006853,-127.45612577593467,3.03,3724.4258543672286
803,EUR_USD,2024-04-03 22:00:00+00:00,-0.3185694484162369,-391.5802937600462,1.39,1708.5649958978374
808,NZD_USD,2024-04-03 22:00:00+00:00,-0.06132231431466496,-75.37637388883557,-1.13,-1388.9772988234217
801,GBP_USD,2024-04-03 22:00:00+00:00,-0.4536284849830531,-557.5926263195772,-1.1,-1352.1017953148357
800,USD_CHF,2024-04-03 22:00:00+00:00,-0.017100653829799663,-21.01984067666331,1.4,1720.8568304006997
799,AUD_JPY,2024-04-03 22:00:00+00:00,0.5471114627560045,672.5003554815631,1.42,1745.440499406424
798,NZD_JPY,2024-04-03 22:00:00+00:00,-0.016601658829504918,-20.406484280525447,1.41,1733.148664903562
802,USD_CAD,2024-04-03 22:00:00+00:00,0.19248536198588206,236.5998213753974,2.08,2556.7015765953256
812,AUD_CAD,2024-04-03 22:00:00+00:00,0.0113931124048384,14.174190568689765,1.42,1766.6244211714993
811,USD_CHF,2024-04-03 22:00:00+00:00,0.2091811770903725,260.242659082572,2.09,2600.172563555235
810,USD_CHF,2024-04-03 22:00:00+00:00,0.20119753627247425,250.3101979285152,2.09,2600.172563555235
809,GBP_NZD,2024-04-03 22:00:00+00:00,0.3445499882359657,428.65522783944357,1.44,1791.5064552725064
843,GBP_CHF,2024-04-29 04:00:00+00:00,-0.4472362624985424,-550.618179973013,-1.0,-1231.1572789221389
852,GBP_CHF,2024-04-29 04:00:00+00:00,-0.44700421207732327,-553.4684769631509,-1.0,-1238.1728449292807
854,GBP_CHF,2024-04-29 04:00:00+00:00,-0.4554112574614914,-562.3238541491136,-1.0,-1234.7605487039646
874,USD_CAD,2024-04-29 04:00:00+00:00,-0.15755279080857507,-187.01622920514907,1.45,1721.1598154230035
875,NZD_CHF,2024-04-29 04:00:00+00:00,0.5231021209636466,620.9257585966701,1.43,1697.4196800378586
871,GBP_NZD,2024-04-29 04:00:00+00:00,0.04861734117911531,57.709113082898824,1.43,1697.4196800378586
872,AUD_CHF,2024-04-29 04:00:00+00:00,0.8065188194783188,957.3432982541254,1.45,1721.1598154230035
870,EUR_CHF,2024-04-29 04:00:00+00:00,0.27487823841026493,326.282329714491,-1.0,-1187.0067692572438
877,GBP_CAD,2024-04-29 04:00:00+00:00,0.11555519586091802,134.29812187830723,1.46,1696.8103985417004
878,GBP_NZD,2024-04-29 04:00:00+00:00,-0.010244969399046205,-11.906692197974737,1.46,1696.8103985417004
879,AUD_CHF,2024-04-29 04:00:00+00:00,-0.7036727894283294,-817.8077440224888,-1.1,-1278.4187934218292
881,NZD_CHF,2024-04-29 04:00:00+00:00,-0.33761288502020814,-392.3733246465429,-1.14,-1324.906749546259
893,NZD_USD,2024-04-29 04:00:00+00:00,-0.2799595295612018,-320.4783982450993,-1.06,-1213.4150342095859
892,EUR_GBP,2024-04-29 04:00:00+00:00,-0.35527639108665854,-406.6959568342226,-1.06,-1213.4150342095859
891,EUR_GBP,2024-04-29 04:00:00+00:00,0.5358201633675604,613.3700394932399,1.23,1408.0193321488591
890,USD_CAD,2024-04-29 04:00:00+00:00,-0.09072706976722107,-103.85810421257362,1.44,1648.412876662079
889,GBP_AUD,2024-04-29 04:00:00+00:00,0.9227513731106144,1056.302253745244,2.15,2461.1720033496317
886,GBP_CAD,2024-04-29 04:00:00+00:00,0.09765413487002092,111.7877315132207,2.66,3044.9848971674514
887,GBP_NZD,2024-04-29 04:00:00+00:00,-0.17235820851506423,-197.30381271849961,-0.99,-1133.2838527051792
885,GBP_CAD,2024-04-29 04:00:00+00:00,0.16288277285338143,186.4569862207906,-1.05,-1201.9677225660994
884,EUR_CHF,2024-04-29 04:00:00+00:00,0.34167447201026474,391.12541617252606,-1.07,-1224.8623458530726
888,USD_CHF,2024-04-29 04:00:00+00:00,-0.2193636803996232,-251.1124412796693,1.36,1556.834383514186
898,AUD_USD,2024-04-29 04:00:00+00:00,-0.2897245225535557,-335.01511242462635,-1.02,-1179.4494013186359
895,EUR_CHF,2024-04-29 04:00:00+00:00,0.32358082444135977,374.1639310446592,-1.07,-1237.2655484420984
896,USD_JPY,2024-04-29 04:00:00+00:00,0.24085829365879138,278.5099708416566,2.16,2497.657555733582
897,USD_CHF,2024-04-29 04:00:00+00:00,-0.22105185039992634,-255.60732609271545,1.36,1572.5992017581812
900,SPX500_USD,2024-04-29 04:00:00+00:00,0.0,0.0,1.49,1743.4614798548048
901,NZD_JPY,2024-04-29 04:00:00+00:00,0.7680955203706518,898.75500175521,2.67,3124.1893632297506
902,EUR_NZD,2024-04-29 04:00:00+00:00,0.25075198052370745,293.40699264455446,1.44,1684.9560610677306
903,USD_JPY,2024-04-29 04:00:00+00:00,0.22220614016089787,260.0052657434518,-0.99,-1158.4072919840648
904,USD_CHF,2024-04-29 04:00:00+00:00,0.05368048442544404,62.81198444007212,2.5,2925.2709393536993
905,CHF_JPY,2024-04-29 04:00:00+00:00,0.6670210884818676,780.4869624288319,2.69,3147.5915307445803
906,GBP_USD,2024-04-29 04:00:00+00:00,0.06888151281659163,80.59883508043795,-1.0,-1170.1083757414797
907,GBP_JPY,2024-04-29 04:00:00+00:00,0.6545817776311853,765.9316206139966,1.47,1720.0593123399751
908,NZD_CAD,2024-04-29 04:00:00+00:00,0.3036588468104148,355.31376002086523,-1.07,-1252.0159620433833
909,AUD_CAD,2024-04-29 04:00:00+00:00,-0.41077680837730546,-480.6533840426379,-1.08,-1263.7170458007981
910,ETH_USD,2024-04-29 04:00:00+00:00,0.0,0.0,-1.0,-1189.2930441859662
916,EUR_USD,2024-05-01 20:00:00+00:00,0.6060626002765153,726.6354313688653,1.4,1678.5223233578088
915,GBP_AUD,2024-05-01 20:00:00+00:00,-0.16431267973828914,-197.00178639390046,-1.04,-1246.9022973515152
914,EUR_AUD,2024-05-01 20:00:00+00:00,0.29910544022871216,358.610827472613,1.45,1738.4695491920163
912,EUR_AUD,2024-05-01 20:00:00+00:00,-0.267949745419072,-321.2568780171101,-1.06,-1270.8811876851983
911,CAD_CHF,2024-05-01 20:00:00+00:00,0.3953703451888505,474.02710742369163,-1.12,-1342.8178586862473
913,EUR_AUD,2024-05-01 20:00:00+00:00,-0.3245204793854798,-389.08204931093246,-1.05,-1258.8917425183568
917,SPX500_USD,2024-05-01 20:00:00+00:00,0.0,0.0,1.49,1786.4273298593823
918,SPX500_USD,2024-05-01 20:00:00+00:00,0.0,0.0,2.19,2625.6884915382866
930,EUR_USD,2024-05-01 20:00:00+00:00,0.7232189823049342,867.0994331963916,2.1,2517.7834850367135
936,CAD_JPY,2024-05-01 20:00:00+00:00,-0.20894879172848435,-250.51800811064462,2.69,3225.1607498803614
934,CAD_JPY,2024-05-01 20:00:00+00:00,0.386380443338497,463.2487138946816,1.43,1714.4906588583333
933,EUR_JPY,2024-05-01 20:00:00+00:00,0.08287737268527158,99.36537153819505,1.47,1762.4484395256993
932,EUR_JPY,2024-05-01 20:00:00+00:00,0.5002341097491793,599.7529429421554,1.46,1750.4589943588578
931,EUR_JPY,2024-05-01 20:00:00+00:00,0.7539125688669226,903.8993405022579,1.45,1738.4695491920163
929,EUR_USD,2024-05-01 20:00:00+00:00,1.0209291317682065,1224.0373844566004,2.6,3117.255743378788
935,CAD_JPY,2024-05-01 20:00:00+00:00,0.16497840030070338,197.79994841185092,1.44,1726.4801040251748
927,CHF_JPY,2024-05-01 20:00:00+00:00,0.20730692644919702,248.54950273690898,2.13,2553.7518205372376
926,AUD_JPY,2024-05-01 20:00:00+00:00,-0.020637839691758638,-24.743624734640512,1.46,1750.4589943588578
925,AUD_JPY,2024-05-01 20:00:00+00:00,0.5594165474882974,670.7094021534721,1.44,1726.4801040251748
924,USD_JPY,2024-05-01 20:00:00+00:00,0.44578001600540357,534.4655058370508,1.45,1738.4695491920163
923,USD_JPY,2024-05-01 20:00:00+00:00,0.5591873358051751,670.4345900628327,1.44,1726.4801040251748
922,USD_JPY,2024-05-01 20:00:00+00:00,-0.6224775492861937,-746.3160444756692,-1.03,-1234.9128521846737
921,NZD_JPY,2024-05-01 20:00:00+00:00,0.13782586382988546,165.24556369609738,1.4,1678.5223233578088
928,GBP_JPY,2024-05-01 20:00:00+00:00,0.7588876864183968,909.8642304104569,1.46,1750.4589943588578
937,NAS100_USD,2024-05-01 20:00:00+00:00,0.0,0.0,2.2,2637.6779367051286
938,NAS100_USD,2024-05-01 20:00:00+00:00,0.0,0.0,3.17,3800.654117888753
953,EUR_GBP,2024-06-07 12:00:00+00:00,0.7377623914570411,907.4917216110512,1.41,1734.3840541187158
964,USD_JPY,2024-06-07 12:00:00+00:00,0.2897678835704751,334.02825173494585,1.48,1706.0614395089958
965,USD_JPY,2024-06-07 12:00:00+00:00,0.3974648915062361,458.1753547009568,2.69,3100.8819407291885
982,GBP_AUD,2024-06-07 12:00:00+00:00,0.28306024713834776,337.0345119162572,2.18,2595.6849942914578
980,EUR_AUD,2024-06-07 12:00:00+00:00,-0.22555833575946524,-268.56806764596246,1.43,1702.6741017599927
981,GBP_AUD,2024-06-07 12:00:00+00:00,-0.525265177420305,-625.4233665384063,1.45,1726.4877255608317
987,AUD_USD,2024-06-07 12:00:00+00:00,0.593549626085209,722.3393042922386,-1.06,-1290.0010865137892
988,AUD_USD,2024-06-07 12:00:00+00:00,0.9036064018969935,1099.6728681395634,1.37,1667.2655552112183
993,AUD_JPY,2024-06-07 12:00:00+00:00,0.1040393521670929,128.9614393615984,1.43,1772.5490830710414
1001,GBP_CHF,2024-06-07 12:00:00+00:00,-0.5078226823134884,-633.9931510304724,-1.05,-1310.8764767050156
1000,AUD_USD,2024-06-07 12:00:00+00:00,0.9009443873682184,1124.7874325908656,1.37,1710.3816886532109
1004,NAS100_USD,2024-06-07 12:00:00+00:00,1.6727891265943182,2074.5472398137454,2.2,2728.3797192550105
1006,GBP_USD,2024-06-07 12:00:00+00:00,-0.2396030036503587,-297.1490799237377,-1.02,-1264.9760516545957
1008,AUD_CAD,2024-06-07 12:00:00+00:00,-0.3271761964753489,-405.7549541301521,2.05,2542.353829305805
1009,EUR_USD,2024-06-07 12:00:00+00:00,0.009169378824182168,11.3716123736659,-1.06,-1314.5829556410506
1012,GBP_USD,2024-06-07 12:00:00+00:00,-0.27276661587792017,-330.8981982460299,-1.02,-1237.3807590955696
1013,AUD_CAD,2024-06-07 12:00:00+00:00,-0.46625046981014057,-565.6170198650369,1.37,1661.972196040128
1014,NZD_CHF,2024-06-07 12:00:00+00:00,-0.27053136200232925,-328.18657066039265,-1.09,-1322.2990464844813
1015,EUR_JPY,2024-06-07 12:00:00+00:00,0.6775660730038794,821.9678644617102,1.46,1771.1528512544428
1016,CAD_JPY,2024-06-07 12:00:00+00:00,0.35624649247628704,432.16917184847273,2.66,3226.8949207786427
1018,XAG_USD,2024-06-07 12:00:00+00:00,0.4631710814861082,548.347245795085,-0.96,-1136.5419323552267
1020,NZD_CHF,2024-06-07 12:00:00+00:00,-0.26698940911515234,-316.08818641053693,-1.09,-1290.4486523616638
1019,GBP_USD,2024-06-07 12:00:00+00:00,-0.27430240645692816,-324.74602821275624,-1.03,-1219.414781589462
1022,SPX500_USD,2024-06-07 12:00:00+00:00,0.2048391853066192,251.67091459551378,1.49,1830.6539453669563
1028,GBP_AUD,2024-06-07 12:00:00+00:00,0.6674253332866908,846.3592307366167,-1.01,-1280.7767107587388
1026,GBP_NZD,2024-06-07 12:00:00+00:00,-0.07636042499876343,-96.83233065550058,-1.01,-1280.7767107587388
1027,EUR_NZD,2024-06-07 12:00:00+00:00,0.3097324207035378,392.7703673307119,2.14,2713.7249119046546
1029,EUR_GBP,2024-06-07 12:00:00+00:00,0.06137202689929991,77.82560667790314,1.94,2460.1057612593595
1030,NZD_CAD,2024-06-07 12:00:00+00:00,0.24632019745133746,312.3575963219476,1.38,1749.972139452534
1031,NZD_CAD,2024-06-07 12:00:00+00:00,0.3216505125011183,407.88364892578704,1.38,1749.972139452534
1032,AUD_CAD,2024-06-07 12:00:00+00:00,-0.3509118200070369,-444.98978870789637,2.04,2586.915336582007
1033,EUR_USD,2024-06-07 12:00:00+00:00,0.0091510800026168,11.604445688754074,-1.11,-1407.5862860813863
1034,NZD_USD,2024-06-07 12:00:00+00:00,0.2192276047956773,278.00159463141017,1.38,1749.972139452534
1038,ETH_USD,2024-06-07 12:00:00+00:00,0.3394720845330602,436.1286947286607,-1.0,-1284.7262399456217
1037,XAG_USD,2024-06-07 12:00:00+00:00,0.5515298737768775,708.5649009550511,-0.96,-1233.3371903477969
1036,BTC_USD,2024-06-07 12:00:00+00:00,1.1357236967168933,1459.094034500236,-1.0,-1284.7262399456217
1035,XAU_USD,2024-06-07 12:00:00+00:00,-0.28963444213106077,-372.1009677977855,-1.0,-1284.7262399456217
1047,XAU_USD,2024-07-11 12:00:00+00:00,1.126792533498361,1492.729334172291,2.72,3603.346373216394
1077,EUR_GBP,2024-07-11 12:00:00+00:00,1.0595846345090778,1324.5858250977114,1.36,1700.1348108143543
1086,EUR_CAD,2024-07-11 12:00:00+00:00,1.3705147603582863,1658.7182506612016,2.65,3207.2645194299585
1085,NZD_CHF,2024-07-11 12:00:00+00:00,-0.13145747180274997,-159.10146608563178,-1.07,-1295.0086927509644
1087,NZD_CHF,2024-07-11 12:00:00+00:00,-0.21695850365669783,-261.09340181817254,-1.07,-1287.6653149650353
1088,EUR_CAD,2024-07-11 12:00:00+00:00,-0.4950518792109393,-595.7580691291465,-1.03,-1239.5282938448472
1091,GBP_USD,2024-07-11 12:00:00+00:00,0.9952706394198466,1201.1698623040968,1.45,1749.972551542556
1102,NZD_USD,2024-07-11 12:00:00+00:00,-0.1961533457208507,-243.1310399934157,-1.06,-1313.8644229896797
1100,EUR_USD,2024-07-11 12:00:00+00:00,-0.6910787757672472,-856.5885065696684,-1.08,-1338.65431776307
1101,EUR_USD,2024-07-11 12:00:00+00:00,0.32173037912521424,398.7831121958495,1.45,1797.2673710707882
1097,GBP_CAD,2024-07-11 12:00:00+00:00,0.7906604238305498,980.0194354121707,2.16,2677.30863552614
1099,NZD_CAD,2024-07-11 12:00:00+00:00,0.09142196267862762,113.31704173899917,-1.09,-1351.049265149765
1103,NZD_USD,2024-07-11 12:00:00+00:00,-0.21131226608063777,-270.21072069916215,-1.06,-1355.4507234890536
1105,GBP_NZD,2024-07-11 12:00:00+00:00,1.1109285108587525,1542.0225212283922,2.68,3719.969661862002
1106,EUR_NZD,2024-07-11 12:00:00+00:00,0.7863816411055338,1091.5357640141187,1.44,1998.78966906018
1107,NZD_CAD,2024-07-11 12:00:00+00:00,0.09173915900651697,127.33839116006617,-1.14,-1582.3751546726423
1108,NZD_CHF,2024-07-11 12:00:00+00:00,-0.04031188837948512,-55.95485141195971,-1.22,-1693.4190251759858
1109,NZD_USD,2024-07-11 12:00:00+00:00,0.6790675384715223,942.5785975631981,-1.08,-1499.092251795135
1120,CAD_JPY,2024-07-11 12:00:00+00:00,0.07064597962092918,98.06003765760364,-1.05,-1457.4508003563813
1119,EUR_JPY,2024-07-11 12:00:00+00:00,0.2883586205012914,400.2557164183516,-0.99,-1374.1678974788738
1118,GBP_JPY,2024-07-11 12:00:00+00:00,0.2512628627151402,348.765009870492,-0.98,-1360.287413665956
1117,CHF_JPY,2024-07-11 12:00:00+00:00,-1.420097917436444,-1971.1646155735007,-1.09,-1512.972735608053
1116,GBP_AUD,2024-07-11 12:00:00+00:00,0.3620744175754209,502.57680922273124,2.65,3678.3282104232476
1113,USD_JPY,2024-07-11 12:00:00+00:00,-0.1880918991901779,-261.0806562050253,-1.04,-1443.5703165434634
1114,AUD_JPY,2024-07-11 12:00:00+00:00,0.5330031512166732,739.8341612697272,-1.02,-1415.8093489176274
1112,NZD_JPY,2024-07-11 12:00:00+00:00,-1.1927293023119525,-1655.5659773933937,-1.09,-1512.972735608053
1111,NZD_JPY,2024-07-11 12:00:00+00:00,-1.2247131827931699,-1699.9611509227775,-1.08,-1499.092251795135
1110,NZD_JPY,2024-07-11 12:00:00+00:00,-0.750342832220428,-1041.5121536774634,-1.09,-1512.972735608053
1115,AUD_JPY,2024-07-11 12:00:00+00:00,0.15325688641107418,212.7279731047115,-1.07,-1485.2117679822172
1141,EUR_USD,2024-08-01 21:00:00+00:00,-0.663541115248262,-911.8019204896378,1.42,1951.2863594155058
1146,XAU_USD,2024-08-01 21:00:00+00:00,1.6535323420946715,2191.5336351262154,1.49,1974.793618007808
1149,ETH_USD,2024-08-01 21:00:00+00:00,0.8446278943071093,1130.111001270115,1.5,2006.9980086269854
1152,GBP_NZD,2024-08-01 21:00:00+00:00,-0.6198947946544452,-829.4184122864704,-0.99,-1324.6186856938104
1153,GBP_NZD,2024-08-01 21:00:00+00:00,-0.6412916969641577,-858.0474391707231,-1.03,-1378.13863259053
1156,BTC_USD,2024-08-01 21:00:00+00:00,0.03383845421090066,44.61659106369589,1.5,1977.7761176213767
1157,EUR_NZD,2024-08-01 21:00:00+00:00,0.09311082899143712,122.76824924746163,2.17,2861.1827834922583
1158,SPX500_USD,2024-08-01 21:00:00+00:00,-0.854454013498642,-1118.586820818927,-1.0,-1309.12466106721
1160,NZD_CAD,2024-08-01 21:00:00+00:00,0.1694636477627484,220.38215178403848,-1.03,-1339.4826520868596
1161,EUR_CAD,2024-08-01 21:00:00+00:00,-0.14512187580591904,-188.72644182556533,1.44,1872.6747757330852
1159,GBP_USD,2024-08-01 21:00:00+00:00,-0.7733979661231729,-1005.7797658070397,-1.06,-1378.4967099146322
1164,BTC_USD,2024-09-03 05:00:00+00:00,0.14441619648462356,182.68582409768862,-0.96,-1214.395583063664
1171,EUR_CAD,2024-09-03 05:00:00+00:00,-0.45356423686956454,-580.1712724040534,-1.0,-1279.1380475857454
1178,NZD_CHF,2024-09-03 05:00:00+00:00,-0.47688847196523915,-610.0061889457655,-1.05,-1343.0949499650328
1179,BTC_USD,2024-09-03 05:00:00+00:00,-0.19573911687448162,-250.37735179498245,2.72,3479.255489433228
1180,NZD_CHF,2024-09-03 05:00:00+00:00,-0.4556810821711395,-588.4617776350453,-1.06,-1368.8728997068172
1181,BTC_USD,2024-09-03 05:00:00+00:00,-0.23917580301374813,-308.8691273689961,-1.0,-1291.3895280252991
1182,NZD_JPY,2024-09-03 05:00:00+00:00,0.21477817664408094,277.36228816653403,-1.01,-1304.303423305552
1184,NZD_JPY,2024-09-03 05:00:00+00:00,0.20102044276850323,259.595694710254,-1.01,-1304.303423305552
1186,NZD_JPY,2024-09-03 05:00:00+00:00,0.21535281532439052,278.10437054068404,-1.01,-1304.303423305552
1188,AUD_JPY,2024-09-03 05:00:00+00:00,0.18249456185371654,235.67156609945476,-0.97,-1252.6478421845402
1195,GBP_JPY,2024-09-03 05:00:00+00:00,0.09996393944764909,133.3500881860724,1.49,1987.633065434584
1192,CAD_CHF,2024-09-03 05:00:00+00:00,0.3959536511544663,528.1950130296428,1.45,1934.2737885101656
1191,EUR_CHF,2024-09-03 05:00:00+00:00,0.7383726383273986,984.9757520481267,1.45,1934.2737885101656
1194,AUD_CHF,2024-09-03 05:00:00+00:00,0.13636776524985728,181.91213373828023,1.45,1934.2737885101656
1199,NAS100_USD,2024-09-03 05:00:00+00:00,-0.2033002490965943,-273.5822071108493,-0.96,-1291.8770143839192
1201,SPX500_USD,2024-09-03 05:00:00+00:00,0.12427873871778963,170.22609898540497,1.49,2040.8711104174336
1204,USD_JPY,2024-09-03 05:00:00+00:00,0.05750275610853951,78.76222396731403,-1.03,-1410.80351928185
1205,USD_JPY,2024-09-03 05:00:00+00:00,-0.08452949147626095,-115.78107190079038,-1.02,-1397.1063977354243
1206,GBP_AUD,2024-09-03 05:00:00+00:00,0.5846747722946769,800.8361421248976,1.47,2013.4768673245821
1209,GBP_AUD,2024-09-03 05:00:00+00:00,0.6125065165389392,833.4575881654788,1.47,2000.2769301563255
1213,CHF_JPY,2024-09-03 05:00:00+00:00,0.6601589223156192,946.2452780350109,-0.99,-1419.0262277585166
1214,CHF_JPY,2024-09-03 05:00:00+00:00,0.37944372353209416,543.8793895458516,-0.98,-1404.6926294983296
1218,ETH_USD,2024-09-03 05:00:00+00:00,-0.0846991331163098,-128.8508820415625,-1.0,-1521.2774594118102
1219,CHF_JPY,2024-09-03 05:00:00+00:00,0.28167213848096356,418.3161515327584,-0.99,-1470.2660769035183
1220,EUR_JPY,2024-09-03 05:00:00+00:00,0.5271006985853253,782.8063396385354,-0.98,-1455.4149044095434
1223,EUR_JPY,2024-09-03 05:00:00+00:00,0.19743808752131164,296.3376045154656,-0.99,-1485.9049343184297
1231,CAD_JPY,2024-09-03 05:00:00+00:00,0.2969854665868216,445.7496668911307,-1.06,-1590.968919573268
1232,CAD_JPY,2024-09-03 05:00:00+00:00,0.6695386278836603,1004.9199503930522,-1.06,-1590.968919573268
1230,AUD_CAD,2024-09-03 05:00:00+00:00,-0.052280276036531154,-78.46820215172848,-1.04,-1560.9506380718858
1229,AUD_CAD,2024-09-03 05:00:00+00:00,0.5139035379053745,771.325053269994,1.38,2071.2614235953865
1225,AUD_JPY,2024-09-03 05:00:00+00:00,0.016251374795778904,24.391917170208114,1.48,2221.3528311022988
1227,GBP_JPY,2024-09-03 05:00:00+00:00,0.3096214145054799,464.7151389740853,-1.03,-1545.9414973211944
1226,EUR_AUD,2024-09-03 05:00:00+00:00,0.2663515545251336,399.7707971033134,-1.05,-1575.959778822577
1224,AUD_JPY,2024-09-03 05:00:00+00:00,0.054210493254843145,81.36529234263371,-1.05,-1575.959778822577
1228,GBP_JPY,2024-09-03 05:00:00+00:00,0.6997097887582857,1050.2042704109524,-1.04,-1560.9506380718858
1233,NAS100_USD,2024-09-03 05:00:00+00:00,-0.03404062309147192,-51.09205032211313,1.49,2236.36197185299
1241,GBP_NZD,2024-10-03 14:00:00+00:00,-0.5769459288310718,-883.2117479534274,1.48,2265.6427953646303
1253,NAS100_USD,2024-10-03 14:00:00+00:00,1.1445423778545558,1752.1109407943763,2.2,3367.8473985149913
1258,EUR_USD,2024-10-03 14:00:00+00:00,-0.11748735957909644,-177.51621129033464,-1.0,-1510.938810151953
1288,USD_CHF,2024-10-03 14:00:00+00:00,-0.46324656471842657,-802.5914336778671,-1.05,-1819.1629890962895
1287,USD_CHF,2024-10-03 14:00:00+00:00,-0.4932417900345194,-854.5592467680007,-1.04,-1801.8376272953724
1294,EUR_JPY,2024-10-03 14:00:00+00:00,-0.41319938114348814,-739.455268410904,-0.98,-1753.7929535064752
1298,USD_CAD,2024-10-03 14:00:00+00:00,0.3813352547790343,680.2362660332009,2.64,4709.304266578355
1299,AUD_NZD,2024-10-03 14:00:00+00:00,1.5537983752058826,2802.932604709109,2.11,3806.277500549306
1301,AUD_NZD,2024-10-03 14:00:00+00:00,2.112022588473105,3715.6683212894586,2.61,4591.7569118314295
1302,EUR_JPY,2024-10-03 14:00:00+00:00,0.043196454477474826,75.99525609714817,1.49,2621.3478155666016
1303,CAD_JPY,2024-10-03 14:00:00+00:00,-0.4808845485920934,-846.0172221420237,-0.99,-1741.700897591232
1306,CHF_JPY,2024-10-03 14:00:00+00:00,0.22892058942188862,413.27969075443,1.48,2671.904453248241
1305,USD_JPY,2024-10-03 14:00:00+00:00,0.27106804564136966,489.3702150557251,1.48,2671.904453248241
1307,EUR_CHF,2024-10-03 14:00:00+00:00,-0.09052087560164307,-161.31067664991554,1.42,2530.4788461273156
1308,USD_CAD,2024-10-03 14:00:00+00:00,-0.23404989477473648,-417.083315257602,-1.08,-1924.5895449419022
1309,CAD_JPY,2024-10-03 14:00:00+00:00,1.28454000495507,2289.0854292556915,1.47,2619.5802139487
1310,USD_CHF,2024-10-03 14:00:00+00:00,-0.8681539302507929,-1525.9755509903598,-1.1,-1933.497099534513
1311,NZD_CAD,2024-10-03 14:00:00+00:00,-0.5513996163377004,-966.3268742371918,-1.08,-1892.698132631638
1312,NZD_CAD,2024-10-03 14:00:00+00:00,-0.586314136549854,-1027.514510540222,-1.07,-1875.1731499220857
1313,NZD_CAD,2024-10-03 14:00:00+00:00,-0.560599943400099,-982.4504315062678,-1.08,-1892.698132631638
1314,EUR_USD,2024-10-03 14:00:00+00:00,-0.5279975676262938,-925.3148243336419,-1.1,-1927.7480980507426
1315,BTC_USD,2024-10-03 14:00:00+00:00,-0.03475509493907352,-60.90824378761087,1.49,2611.222423723278
1316,ETH_USD,2024-10-03 14:00:00+00:00,-0.4303060826700883,-754.1106658608438,1.5,2628.7474064328303
1322,NZD_USD,2024-10-03 14:00:00+00:00,0.05332881235573862,92.92800532610546,-1.07,-1864.5261596235987
1319,GBP_CHF,2024-10-03 14:00:00+00:00,-0.10265709155475555,-178.88489035020237,1.43,2491.843372207239
1321,EUR_GBP,2024-10-03 14:00:00+00:00,-0.12673384993617515,-220.83979300542998,1.38,2404.7159815706223
1320,GBP_USD,2024-10-03 14:00:00+00:00,-0.4101679543920888,-714.7372717788305,-1.04,-1812.2497252416285
1317,GBP_CAD,2024-10-03 14:00:00+00:00,-0.4886986173634256,-851.5807067719537,1.46,2544.1198065892095
1318,EUR_NZD,2024-10-03 14:00:00+00:00,-0.11594275231369101,-202.03578944638917,1.47,2561.5452847165325
1328,NZD_CHF,2024-10-31 17:00:00+00:00,1.0204672861708735,1771.7072354063619,1.43,2482.726669404339
1331,EUR_CAD,2024-10-31 17:00:00+00:00,0.8096840821134045,1405.751233884701,-1.0,-1736.1724960869506
1342,NZD_CAD,2024-10-31 17:00:00+00:00,0.7335554051075203,1284.0249821016998,1.39,2433.074192752704
1344,SPX500_USD,2024-10-31 17:00:00+00:00,-0.8067183301651185,-1402.349135561167,2.71,4710.896003308746
1347,AUD_JPY,2024-10-31 17:00:00+00:00,-0.32334179502122334,-582.8635177780731,1.43,2577.751602968419
1350,GBP_USD,2024-10-31 17:00:00+00:00,1.5799085141477531,2820.163009041361,1.42,2534.7236482227217
1351,ETH_USD,2024-10-31 17:00:00+00:00,0.4966848786497494,913.4034322684888,1.5,2758.4998201020317
1353,EUR_USD,2024-10-31 17:00:00+00:00,0.9129167593347055,1678.85381092861,1.36,2501.039836892509
1354,GBP_CAD,2024-10-31 17:00:00+00:00,-0.36509732017558005,-671.4139280160476,-1.01,-1857.3898788687013
1355,GBP_CAD,2024-10-31 17:00:00+00:00,-0.4134206464200069,-760.2805191840365,-1.05,-1930.9498740714223
1356,GBP_NZD,2024-10-31 17:00:00+00:00,-0.11641407755793363,-214.08547466726927,-1.0,-1838.9998800680212
1357,GBP_NZD,2024-10-31 17:00:00+00:00,-0.07956964515027047,-146.3285678884024,-1.0,-1838.9998800680212
1358,USD_CHF,2024-10-31 17:00:00+00:00,0.11703851251442787,215.23381047737246,-1.08,-1986.119870473463
1359,GBP_AUD,2024-10-31 17:00:00+00:00,-0.010267512193800385,-18.881953692995854,-0.99,-1820.609881267341
1360,GBP_AUD,2024-10-31 17:00:00+00:00,-0.06971766087706541,-128.21076999154624,-0.99,-1820.609881267341
1361,GBP_JPY,2024-10-31 17:00:00+00:00,-0.12130445688315356,-223.07888165983584,1.47,2703.3298236999913
1362,GBP_JPY,2024-10-31 17:00:00+00:00,-0.21011700873868044,-386.40515387068467,-0.98,-1802.2198824666607
1363,EUR_GBP,2024-10-31 17:00:00+00:00,-1.9203206468183578,-3531.469439191105,-1.18,-2170.0198584802647
1364,EUR_USD,2024-10-31 17:00:00+00:00,0.1875467565936016,344.8984628827797,2.11,3880.2897469435243
1365,CAD_JPY,2024-10-31 17:00:00+00:00,0.1429679914357325,262.9181191038779,1.44,2648.1598272979504
1366,NAS100_USD,2024-10-31 17:00:00+00:00,-0.6695265007754632,-1214.4152979104224,2.72,4933.650283432374
1367,XAG_USD,2024-10-31 17:00:00+00:00,0.04827317549714126,87.55991396090134,-1.0,-1813.8420159677842
1368,ETH_USD,2024-10-31 17:00:00+00:00,0.5033373627157519,912.9744567002473,1.5,2720.763023951676
1433,BTC_USD,2025-03-17 22:00:00+00:00,-0.35040150068203774,-762.8418509075601,-1.0,-2177.050752986872
1440,GBP_CHF,2025-03-17 22:00:00+00:00,0.5898222064647244,1283.7199030766742,-1.02,-2219.981355036552
1441,GBP_CHF,2025-03-17 22:00:00+00:00,0.5063028721653625,1101.944055106431,-1.02,-2219.981355036552
1442,GBP_CHF,2025-03-17 22:00:00+00:00,0.7194230641517304,1565.7899890197125,-1.03,-2241.7458781251457
1447,AUD_USD,2025-03-17 22:00:00+00:00,-0.5571865068400975,-1222.1335676098656,2.66,5834.447263051159
1446,USD_JPY,2025-03-17 22:00:00+00:00,-0.14752387051934035,-323.57903856627024,-1.01,-2215.3352389780716
1449,AUD_USD,2025-03-17 22:00:00+00:00,-0.4984867421072312,-1093.3814316371518,2.65,5812.513250784049
1450,AUD_USD,2025-03-17 22:00:00+00:00,-0.502445491855353,-1102.064558190924,2.65,5812.513250784049
1452,AUD_JPY,2025-03-17 22:00:00+00:00,-0.041151060820936565,-89.12503933242293,3.14,6800.617479134983
1453,USD_CAD,2025-03-17 22:00:00+00:00,-0.0005783501683250764,-1.2525918037491,-1.0,-2165.801744947447
1454,NZD_CHF,2025-03-17 22:00:00+00:00,-0.050653229774231555,-109.70485343225467,1.39,3010.464425476951
1455,AUD_JPY,2025-03-17 22:00:00+00:00,0.05928331277565671,126.62217428970227,1.46,3118.388055717378
1456,USD_CHF,2025-03-17 22:00:00+00:00,0.06709479760538907,143.30658592700016,3.07,6557.158445926267
1489,CAD_JPY,2025-04-09 18:00:00+00:00,-0.1351765684217483,-279.1838269443556,1.46,3015.377532495342
1500,CAD_JPY,2025-04-09 18:00:00+00:00,-0.13462364919404535,-283.4257766487065,1.46,3073.7662838916326
1540,EUR_JPY,2025-04-09 18:00:00+00:00,-0.23624443946357723,-496.0124989809395,-1.02,-2141.564686598941
1545,EUR_JPY,2025-04-09 18:00:00+00:00,-0.1305329085101517,-304.666560692626,-1.02,-2380.70150625894
1544,EUR_USD,2025-04-09 18:00:00+00:00,0.3351811323472771,782.3198300477839,2.68,6255.176506641136
1542,USD_CAD,2025-04-09 18:00:00+00:00,1.0142504405198338,2367.2819132052564,1.45,3384.3305726230024
1543,EUR_USD,2025-04-09 18:00:00+00:00,0.43469151019619023,1014.5791500804346,1.45,3384.3305726230024
1546,GBP_NZD,2025-04-09 18:00:00+00:00,-0.052859438583082875,-151.05434554657572,-1.02,-2914.8140159554687
1547,GBP_NZD,2025-04-09 18:00:00+00:00,-0.09548034677993453,-272.8504441592566,-1.02,-2914.8140159554687
1548,GBP_AUD,2025-04-09 18:00:00+00:00,0.09553359162022129,273.00259985214404,-0.97,-2771.9309759576513
1549,GBP_AUD,2025-04-09 18:00:00+00:00,0.015351000618742642,43.867952708286396,-1.01,-2886.237407955905
1550,EUR_CAD,2025-04-09 18:00:00+00:00,0.3691365949719205,1054.8671772806183,2.67,7629.954335883432
1551,XAU_USD,2025-04-09 18:00:00+00:00,0.2517342838809589,728.2690743951403,2.72,7868.979353211633
1552,BTC_USD,2025-04-09 18:00:00+00:00,-0.11748043209572341,-339.8717259439811,-0.96,-2777.2868305452816
1562,BTC_USD,2025-05-12 10:00:00+00:00,1.695152000917154,4949.671634767323,2.2,6423.77650534968
1564,NZD_JPY,2025-05-12 10:00:00+00:00,-0.843880478800691,-2473.0143943462695,-1.03,-3018.442646992739
1566,EUR_NZD,2025-05-12 10:00:00+00:00,-0.4566972960665432,-1338.3636846733234,1.48,4337.1797257759745
1567,AUD_CAD,2025-05-12 10:00:00+00:00,-0.2530705035794326,-741.6299035923184,-1.03,-3018.442646992739
1569,NZD_CHF,2025-05-12 10:00:00+00:00,-0.2240510805591163,-652.4629341838735,1.46,4251.690648093577
1570,USD_JPY,2025-05-12 10:00:00+00:00,1.667494081037045,4941.790642357195,1.47,4356.4965698392125
1573,GBP_NZD,2025-05-12 10:00:00+00:00,0.266467667555645,789.7044079450496,1.47,4356.4965698392125
1577,EUR_CAD,2025-05-12 10:00:00+00:00,-0.42086825072102374,-1247.286456204333,1.47,4356.4965698392125
1578,NAS100_USD,2025-05-12 10:00:00+00:00,0.1528686162113899,453.041906231964,2.72,8061.00045575691
1579,GBP_NZD,2025-05-12 10:00:00+00:00,0.10660577994540182,315.9372208552224,1.47,4356.4965698392125
1580,AUD_JPY,2025-05-12 10:00:00+00:00,-0.6196098579561411,-1836.2777012411498,-1.02,-3022.875170908841
1581,CAD_CHF,2025-05-12 10:00:00+00:00,-0.3305273484039486,-979.5518772516002,1.43,4237.952445489846
1582,CHF_JPY,2025-05-12 10:00:00+00:00,-0.24774491333837576,-734.217595342685,-0.99,-2933.9670776468165
1583,GBP_USD,2025-05-12 10:00:00+00:00,-0.7985481759850062,-2366.5798568231558,1.45,4297.224507664529
1584,AUD_NZD,2025-05-12 10:00:00+00:00,-0.5848571887788054,-1733.2845828303882,-1.06,-3141.4192952582075
1587,AUD_NZD,2025-05-12 10:00:00+00:00,-0.5455529930099785,-1616.8025460635968,-1.02,-3022.875170908841
1586,USD_JPY,2025-05-12 10:00:00+00:00,-0.9172770550353706,-2718.4451318733377,-0.98,-2904.331046559475
1585,EUR_CHF,2025-05-12 10:00:00+00:00,0.6446908733214081,1910.6078763478642,1.42,4208.316414402504
1589,EUR_AUD,2025-05-12 10:00:00+00:00,-0.24889601588569268,-758.4273527037607,1.48,4509.804940056049
1590,AUD_NZD,2025-05-12 10:00:00+00:00,-0.5490610635889556,-1673.079930382365,-1.02,-3108.1088100386282
1591,NZD_CAD,2025-05-12 10:00:00+00:00,0.6816788253696674,2077.188198772791,1.41,4296.503355053398
1593,AUD_USD,2025-05-12 10:00:00+00:00,-0.5497858986179246,-1664.8160675106417,1.39,4209.082735037515
1594,AUD_USD,2025-05-12 10:00:00+00:00,-0.4765419409795522,-1443.0247887038126,1.42,4299.926247304512
1595,AUD_CHF,2025-05-12 10:00:00+00:00,-0.1530644047121897,-463.49693757041194,1.46,4421.050930327174
1596,AUD_USD,2025-05-12 10:00:00+00:00,-0.5893247015027907,-1784.544191673765,1.4,4239.3639057931805
1597,USD_CAD,2025-05-12 10:00:00+00:00,1.2982798631901316,3931.3434225902515,1.43,4330.207418060177
1598,EUR_GBP,2025-05-12 10:00:00+00:00,-0.17680002373015127,-535.3711708178437,1.45,4390.769759571508
1599,XAU_USD,2025-05-12 10:00:00+00:00,-0.7782485047876696,-2356.627586381684,-1.0,-3028.1170755665576
1600,XAU_USD,2025-05-12 10:00:00+00:00,-0.7677676599649785,-2324.89036120773,-1.0,-3028.1170755665576
1603,GBP_CAD,2025-05-12 10:00:00+00:00,-0.32359674371789976,-1006.3212413478633,1.45,4509.210393125745
1604,USD_CHF,2025-05-12 10:00:00+00:00,-0.3077643631492193,-957.0856999628867,1.46,4540.308395836957
1605,GBP_CHF,2025-05-12 10:00:00+00:00,0.04554227427942507,141.6273769016323,1.48,4602.504401259381
1606,EUR_USD,2025-05-12 10:00:00+00:00,-0.31265708548102433,-972.3010891968547,1.47,4571.406398548169
1607,NZD_USD,2025-05-12 10:00:00+00:00,0.6459245608830199,2008.6963745578594,-1.06,-3296.388287388476
1614,USD_JPY,2025-07-28 07:00:00+00:00,0.9164254110268567,2762.850793481082,1.48,4461.9225145342125
1653,XAU_USD,2025-07-28 07:00:00+00:00,0.16796129442544647,528.5244451518705,1.5,4720.055715453554
1676,GBP_NZD,2025-07-28 07:00:00+00:00,-0.3240441824902094,-1039.060197357246,1.47,4713.6118240953165
1681,USD_CAD,2025-07-28 07:00:00+00:00,-0.17263332401321466,-545.1254413328894,1.47,4641.829167918977
1693,XAU_USD,2025-07-28 07:00:00+00:00,-0.14649341079139164,-494.723802343057,-0.96,-3242.0219290657897
1694,GBP_CAD,2025-07-28 07:00:00+00:00,-0.45336906457254794,-1531.0754680252546,-0.99,-3343.335114349096
1696,NZD_CAD,2025-07-28 07:00:00+00:00,0.26434302968663465,922.8608394780399,-1.03,-3595.883219577253
1703,GBP_USD,2025-07-28 07:00:00+00:00,-0.5280173215951506,-1886.6626616234828,-1.04,-3716.031819109252
1706,EUR_USD,2025-07-28 07:00:00+00:00,0.3723889341584383,1438.71435154319,-0.99,-3824.837629094954
1707,NZD_USD,2025-07-28 07:00:00+00:00,0.07817546866760107,302.02876185047893,-1.02,-3940.741799673589
1709,EUR_USD,2025-07-28 07:00:00+00:00,0.5149080751719421,1989.3331125681793,-1.0,-3863.4723526211656
1710,GBP_CHF,2025-07-28 07:00:00+00:00,0.7165629419267976,2795.277956943573,-1.02,-3978.9714891140925
1711,AUD_USD,2025-07-28 07:00:00+00:00,-0.041128466126841005,-163.5624602942645,-1.03,-4096.173525740776
1712,AUD_USD,2025-07-28 07:00:00+00:00,-0.0032220903812205425,-12.919651583465537,-1.04,-4170.099549384576
1715,NZD_USD,2025-07-28 07:00:00+00:00,0.0791185237936716,317.2424234807334,-1.02,-4089.905327281026
1716,NZD_CAD,2025-07-28 07:00:00+00:00,0.22703960822955613,910.3632384331947,1.41,5653.692658300241
1717,NZD_USD,2025-07-28 07:00:00+00:00,0.8022256985895249,3216.6932924931766,2.12,8500.587542976251
1718,USD_JPY,2025-07-28 07:00:00+00:00,-0.3386806817644129,-1348.2136364308685,-1.04,-4140.012281135765
1719,GBP_CHF,2025-07-28 07:00:00+00:00,0.5133844858797382,2043.671227391045,-1.06,-4219.627901926838
1733,EUR_JPY,2025-07-28 07:00:00+00:00,0.721089093728249,2855.6187847990136,-1.05,-4158.154311468406
1732,EUR_JPY,2025-07-28 07:00:00+00:00,0.7412408594247334,2935.4227385271447,-1.06,-4197.7557811014385
1731,EUR_CAD,2025-07-28 07:00:00+00:00,0.6226794768203895,2465.902239241518,-1.06,-4197.7557811014385
1730,EUR_GBP,2025-07-28 07:00:00+00:00,0.5145761307315798,2037.7971015049989,-1.13,-4474.966068532665
1729,EUR_GBP,2025-07-28 07:00:00+00:00,0.48055958314793207,1903.086573889556,-1.13,-4474.966068532665
1728,EUR_GBP,2025-07-28 07:00:00+00:00,1.0263724452197998,4064.585722155315,-1.19,-4712.57488633086
1727,USD_CAD,2025-07-28 07:00:00+00:00,-0.4500586573321116,-1782.298425142097,-1.08,-4276.958720367504
1724,AUD_USD,2025-07-28 07:00:00+00:00,-0.0413854736120861,-163.89255764976932,-1.08,-4276.958720367504
1725,GBP_CHF,2025-07-28 07:00:00+00:00,0.2003051336507429,793.2377667610399,-1.03,-4078.951372202341
1723,CAD_CHF,2025-07-28 07:00:00+00:00,0.8393638969860363,3324.0043877556286,-1.2,-4752.176355963892
1722,CAD_CHF,2025-07-28 07:00:00+00:00,0.671665998534844,2659.8960644518033,-1.18,-4672.973416697828
1721,USD_CHF,2025-07-28 07:00:00+00:00,0.1365181964322437,540.6321210367856,-1.1,-4356.161659633569
1720,EUR_NZD,2025-07-28 07:00:00+00:00,0.783772194954767,3103.8530777716387,1.45,5742.213096789704
1726,USD_CAD,2025-07-28 07:00:00+00:00,-0.38075769480192057,-1507.8564288241691,-1.07,-4237.357250734472
