time,Open,High,Low,Close,Volume
2002-12-27 22:00:00,192.15,192.69,191.305,192.69,5.0
2003-01-03 22:00:00,192.66,193.24,191.62,191.63,7.0
2003-01-10 22:00:00,191.66,191.66,189.54,189.86,7.0
2003-01-17 22:00:00,189.93,192.5,189.7,192.5,6.0
2003-01-24 22:00:00,192.48,197.44,192.48,197.44,6.0
2003-01-31 22:00:00,197.2,197.63,196.25,196.25,6.0
2003-02-07 22:00:00,196.46,197.27,194.26,194.26,6.0
2003-02-14 22:00:00,194.05,194.05,187.54,187.54,6.0
2003-02-21 22:00:00,187.24,187.24,184.63,185.88,6.0
2003-02-28 22:00:00,185.96,188.28,185.64,187.61,6.0
2003-03-07 22:00:00,187.74,189.86,187.14,187.31,6.0
2003-03-14 22:00:00,187.49,189.86,186.07,189.86,6.0
2003-03-21 22:00:00,189.68,189.97,187.74,188.55,6.0
2003-03-28 22:00:00,188.67,188.67,186.27,187.24,6.0
2003-04-04 22:00:00,187.33,189.29,186.21,189.29,6.0
2003-04-11 21:00:00,189.22,189.36,187.83,188.18,6.0
2003-04-18 21:00:00,188.09,191.25,188.09,191.25,6.0
2003-04-25 21:00:00,191.48,191.48,190.19,191.06,6.0
2003-05-02 21:00:00,190.93,190.93,185.94,188.42,6.0
2003-05-09 21:00:00,188.56,188.96,187.96,188.14,6.0
2003-05-16 21:00:00,187.98,192.21,187.98,191.09,6.0
2003-05-23 21:00:00,190.82,195.22,190.82,195.22,6.0
2003-05-30 21:00:00,194.69,197.11,193.74,197.11,6.0
2003-06-06 21:00:00,196.825,196.825,194.55,196.41,6.0
2003-06-13 21:00:00,196.43,198.95,196.43,196.84,6.0
2003-06-20 21:00:00,196.75,198.31,196.175,197.31,6.0
2003-06-27 21:00:00,197.32,198.545,196.765,196.78,6.0
2003-07-04 21:00:00,196.77,196.77,192.3,192.3,6.0
2003-07-11 21:00:00,191.89,191.89,187.88,188.4,6.0
2003-07-18 21:00:00,187.37,192.59,187.37,192.59,6.0
2003-07-25 21:00:00,192.63,194.745,192.63,193.57,6.0
2003-08-01 21:00:00,193.62,193.915,190.89,190.89,6.0
2003-08-08 21:00:00,191.09,191.595,190.22,190.22,6.0
2003-08-15 21:00:00,190.38,190.38,185.15,185.15,6.0
2003-08-22 21:00:00,185.14,185.14,184.06,184.49,6.0
2003-08-29 21:00:00,184.36,185.5,182.07,185.5,6.0
2003-09-05 21:00:00,185.53,187.96,184.945,187.96,6.0
2003-09-12 21:00:00,188.28,188.28,184.435,186.49,6.0
2003-09-19 21:00:00,185.39,186.23,185.115,185.38,6.0
2003-09-26 21:00:00,185.27,185.3,184.49,184.49,6.0
2003-10-03 21:00:00,184.36,185.275,180.8,180.8,6.0
2003-10-10 21:00:00,180.56,183.94,180.56,183.59,6.0
2003-10-17 21:00:00,182.95,185.61,182.95,185.18,6.0
2003-10-24 21:00:00,185.04,186.26,183.94,186.26,6.0
2003-10-31 22:00:00,186.28,186.315,183.01,183.01,6.0
2003-11-07 22:00:00,183.05,183.05,181.08,182.75,6.0
2003-11-14 22:00:00,182.74,185.62,182.74,185.26,6.0
2003-11-21 22:00:00,185.3,188.71,185.3,188.71,6.0
2003-11-28 22:00:00,188.78,188.78,186.23,186.23,6.0
2003-12-05 22:00:00,186.27,188.74,186.02,188.18,6.0
2003-12-12 22:00:00,188.205,190.83,187.83,190.45,6.0
2003-12-19 22:00:00,190.22,190.45,189.345,190.39,6.0
2003-12-26 22:00:00,190.14,191.76,189.775,191.76,9.0
2004-01-02 22:00:00,191.81,196.63,191.81,196.63,12.0
2004-01-09 22:00:00,197.02,197.03,191.7,191.7,12.0
2004-01-16 22:00:00,192.01,195.77,191.21,194.62,12.0
2004-01-23 22:00:00,194.38,194.38,192.45,193.0,12.0
2004-01-30 22:00:00,192.88,194.745,192.14,194.745,12.0
2004-02-06 22:00:00,194.915,199.33,194.915,198.83,12.0
2004-02-13 22:00:00,198.86,202.94,198.86,202.94,12.0
2004-02-20 22:00:00,202.62,204.55,202.35,203.46,12.0
2004-02-27 22:00:00,203.8,206.85,201.45,206.85,12.0
2004-03-05 22:00:00,207.01,207.01,199.89,199.89,12.0
2004-03-12 22:00:00,199.68,199.68,195.5,195.5,12.0
2004-03-19 22:00:00,195.81,197.49,191.95,192.26,12.0
2004-03-26 22:00:00,191.95,193.05,191.38,191.38,12.0
2004-04-02 22:00:00,191.22,195.28,191.025,195.28,12.0
2004-04-09 21:00:00,194.97,194.97,193.805,193.84,12.0
2004-04-16 21:00:00,193.69,196.135,193.0,193.0,12.0
2004-04-23 21:00:00,193.12,196.48,193.12,196.48,12.0
2004-04-30 21:00:00,196.42,200.49,194.895,200.49,12.0
2004-05-07 21:00:00,200.51,201.99,198.755,201.14,12.0
2004-05-14 21:00:00,201.07,202.335,200.435,200.71,12.0
2004-05-21 21:00:00,200.33,203.725,200.33,202.04,12.0
2004-05-28 21:00:00,202.57,204.58,200.65,204.58,12.0
2004-06-04 21:00:00,204.26,204.26,200.23,200.23,12.0
2004-06-11 21:00:00,200.21,201.165,200.15,200.15,12.0
2004-06-18 21:00:00,200.0,200.0,195.535,196.48,12.0
2004-06-25 21:00:00,196.54,198.3,195.605,198.3,12.0
2004-07-02 21:00:00,198.41,201.645,198.41,201.14,12.0
2004-07-09 21:00:00,200.75,203.57,200.75,203.57,12.0
2004-07-16 21:00:00,203.7,203.7,201.39,201.8,12.0
2004-07-23 21:00:00,201.91,203.755,201.91,202.61,12.0
2004-07-30 21:00:00,202.43,203.945,201.945,203.42,12.0
2004-08-06 21:00:00,203.57,204.06,202.095,204.06,12.0
2004-08-13 21:00:00,203.365,203.365,198.58,198.58,12.0
2004-08-20 21:00:00,198.53,198.595,196.4,196.4,12.0
2004-08-27 21:00:00,196.29,197.27,196.04,196.27,12.0
2004-09-03 21:00:00,196.26,197.03,193.885,197.03,12.0
2004-09-10 21:00:00,196.96,197.705,195.505,196.9,12.0
2004-09-17 21:00:00,196.67,199.79,196.285,199.79,12.0
2004-09-24 21:00:00,199.62,201.925,198.78,198.78,12.0
2004-10-01 21:00:00,199.11,199.11,196.52,196.52,12.0
2004-10-08 21:00:00,196.56,197.22,196.555,197.22,12.0
2004-10-15 21:00:00,197.24,197.24,195.475,196.385,10.0
2004-10-22 21:00:00,196.02,196.515,194.38,194.38,12.0
2004-10-29 21:00:00,194.52,196.385,194.52,196.0,12.0
2004-11-05 22:00:00,195.5,197.925,195.5,195.97,12.0
2004-11-12 22:00:00,196.0,196.0,191.49,191.49,12.0
2004-11-19 22:00:00,191.56,194.34,191.56,194.34,12.0
2004-11-26 22:00:00,194.32,198.635,194.32,198.37,12.0
2004-12-03 22:00:00,198.33,201.435,198.33,201.43,12.0
2004-12-10 22:00:00,201.44,203.545,201.44,202.34,12.0
2004-12-17 22:00:00,202.12,202.485,199.265,199.48,12.0
2004-12-24 22:00:00,199.32,199.33,196.47,196.47,12.0
2004-12-31 22:00:00,196.78,197.3,195.12,196.0,186078.0
2005-01-07 22:00:00,196.0,196.345,190.075,190.88,176249.0
2005-01-14 22:00:00,190.86,194.285,189.555,192.835,178903.0
2005-01-21 22:00:00,192.825,195.36,192.49,194.98,179166.0
2005-01-28 22:00:00,194.99,197.014,194.7,195.255,167702.0
2005-02-04 22:00:00,195.275,198.005,194.539,197.545,157330.0
2005-02-11 22:00:00,197.545,200.582,196.395,200.115,165985.0
2005-02-18 22:00:00,200.205,202.012,198.228,201.982,173857.0
2005-02-25 22:00:00,201.922,202.027,199.956,201.466,159858.0
2005-03-04 22:00:00,201.465,202.065,199.575,200.265,172301.0
2005-03-11 22:00:00,200.255,201.602,199.622,201.295,157212.0
2005-03-18 22:00:00,201.365,201.365,197.528,198.955,134499.0
2005-03-25 22:00:00,198.915,203.035,198.556,202.425,149401.0
2005-04-01 22:00:00,202.565,204.505,202.131,204.095,142242.0
2005-04-08 21:00:00,204.095,204.67,202.708,204.05,154257.0
2005-04-15 21:00:00,203.92,205.355,202.46,202.935,183043.0
2005-04-22 21:00:00,202.925,202.925,199.76,199.905,178555.0
2005-04-29 21:00:00,199.975,200.835,197.95,198.645,142756.0
2005-05-06 21:00:00,198.8,199.465,197.71,198.585,148607.0
2005-05-13 21:00:00,198.585,199.07,195.588,197.615,157576.0
2005-05-20 21:00:00,197.605,197.855,196.107,196.865,130248.0
2005-05-27 21:00:00,196.865,197.42,195.235,195.525,170968.0
2005-06-03 21:00:00,195.525,197.005,194.16,196.955,180202.0
2005-06-10 21:00:00,196.955,199.32,196.335,198.78,160780.0
2005-06-17 21:00:00,198.78,199.785,197.425,198.955,180837.0
2005-06-24 21:00:00,198.965,200.415,197.055,197.585,186036.0
2005-07-01 21:00:00,197.585,197.585,194.505,194.985,186438.0
2005-07-08 21:00:00,194.955,197.71,194.785,196.495,155488.0
2005-07-15 21:00:00,196.495,196.985,192.66,193.595,173809.0
2005-07-22 21:00:00,193.615,197.845,193.32,197.745,202527.0
2005-07-29 21:00:00,197.765,199.295,196.895,199.165,212505.0
2005-08-05 21:00:00,199.165,200.296,198.155,198.495,197967.0
2005-08-12 21:00:00,198.485,199.365,197.348,198.265,169878.0
2005-08-19 21:00:00,198.265,198.766,196.79,198.355,185409.0
2005-08-26 21:00:00,198.355,202.416,198.255,202.275,209017.0
2005-09-02 21:00:00,202.275,203.495,200.986,201.745,202223.0
2005-09-09 21:00:00,201.725,202.28,199.085,201.325,215453.0
2005-09-16 21:00:00,201.325,202.046,198.695,199.72,199746.0
2005-09-23 21:00:00,199.72,200.715,198.928,200.235,233273.0
2005-09-30 21:00:00,200.235,202.046,199.785,200.455,224836.0
2005-10-07 21:00:00,200.505,201.935,199.205,201.745,211260.0
2005-10-14 21:00:00,201.735,205.615,201.212,204.985,224304.0
2005-10-21 21:00:00,204.985,206.436,203.76,205.165,236221.0
2005-10-28 21:00:00,205.154,208.155,204.924,207.045,218958.0
2005-11-04 22:00:00,207.045,207.095,203.777,205.565,226096.0
2005-11-11 22:00:00,205.565,207.155,203.75,204.595,221974.0
2005-11-18 22:00:00,204.595,205.712,203.485,205.115,205117.0
2005-11-25 22:00:00,205.175,209.7,204.345,209.005,240391.0
2005-12-02 22:00:00,209.005,211.865,208.868,211.745,227054.0
2005-12-09 22:00:00,211.75,213.06,203.95,205.035,264216.0
2005-12-16 22:00:00,205.055,206.566,201.155,201.445,207873.0
2005-12-23 22:00:00,201.445,203.87,201.195,202.885,159277.0
2005-12-30 22:00:00,202.995,204.775,202.115,202.665,198058.0
2006-01-06 22:00:00,202.665,203.235,200.555,202.925,258387.0
2006-01-13 22:00:00,202.925,204.516,202.035,204.175,139459.0
2006-01-20 22:00:00,204.125,208.195,203.43,207.345,130803.0
2006-01-27 22:00:00,207.245,211.175,206.995,209.615,120793.0
2006-02-03 22:00:00,209.735,209.735,204.785,205.585,122374.0
2006-02-10 22:00:00,205.605,206.34,202.935,205.695,115929.0
2006-02-17 22:00:00,205.695,207.78,203.69,204.055,107302.0
2006-02-24 22:00:00,204.045,204.72,201.675,204.36,117443.0
2006-03-03 22:00:00,204.281,206.1,203.705,205.435,123310.0
2006-03-10 22:00:00,205.445,206.2,203.235,203.615,115311.0
2006-03-17 22:00:00,203.545,205.755,202.785,204.645,113856.0
2006-03-24 22:00:00,204.555,205.828,203.206,204.59,122075.0
2006-03-31 22:00:00,204.59,206.883,204.092,206.085,135425.0
2006-04-07 21:00:00,206.085,208.005,205.735,207.815,94662.0
2006-04-14 21:00:00,207.885,210.829,207.585,207.805,120663.0
2006-04-21 21:00:00,206.21,207.735,203.845,207.665,134201.0
2006-04-28 21:00:00,207.8,211.115,206.195,209.315,129532.0
2006-05-05 21:00:00,209.345,209.345,205.429,208.451,185742.0
2006-05-12 21:00:00,208.454,210.21,206.45,209.932,233612.0
2006-05-19 21:00:00,209.872,211.29,208.595,209.456,225823.0
2006-05-26 21:00:00,209.401,211.492,208.722,210.28,181499.0
2006-06-02 21:00:00,210.23,211.191,209.592,209.766,186834.0
2006-06-09 21:00:00,210.328,213.255,209.776,213.181,182300.0
2006-06-16 21:00:00,213.151,213.736,210.907,211.809,159278.0
2006-06-23 21:00:00,211.791,212.366,209.856,211.514,165354.0
2006-06-30 21:00:00,211.427,212.523,210.718,211.0,152715.0
2006-07-07 21:00:00,211.019,213.774,209.567,213.474,160983.0
2006-07-14 21:00:00,213.535,216.585,212.597,215.905,158116.0
2006-07-21 21:00:00,215.89,216.387,213.548,213.644,159602.0
2006-07-28 21:00:00,213.662,218.56,212.978,218.344,164533.0
2006-08-04 21:00:00,218.344,220.333,217.782,219.803,161610.0
2006-08-11 21:00:00,219.806,220.587,217.479,217.881,143932.0
2006-08-18 21:00:00,217.975,221.661,217.73,221.296,146345.0
2006-08-25 21:00:00,221.274,223.846,220.966,223.097,145209.0
2006-09-01 21:00:00,223.104,223.224,217.365,218.121,149298.0
2006-09-08 21:00:00,218.179,222.131,217.613,221.144,151249.0
2006-09-15 21:00:00,221.144,222.256,219.882,221.478,157713.0
2006-09-22 21:00:00,221.465,222.246,219.952,221.262,152157.0
2006-09-29 21:00:00,221.27,222.957,220.481,222.644,133184.0
2006-10-06 21:00:00,222.523,223.178,221.523,222.016,127877.0
2006-10-13 21:00:00,221.991,223.796,221.24,223.635,132487.0
2006-10-20 21:00:00,223.616,224.4,222.58,223.22,121239.0
2006-10-27 21:00:00,223.22,224.59,222.46,224.362,126386.0
2006-11-03 22:00:00,224.312,225.315,223.96,224.756,128894.0
2006-11-10 22:00:00,224.756,224.824,222.51,223.087,140014.0
2006-11-17 22:00:00,223.157,224.3,222.358,223.919,117499.0
2006-11-24 22:00:00,223.929,229.07,223.765,228.674,167980.0
2006-12-01 22:00:00,228.693,229.04,225.685,227.402,153516.0
2006-12-08 22:00:00,227.349,231.832,226.98,230.708,160763.0
2006-12-15 22:00:00,230.688,233.266,229.43,232.682,146522.0
2006-12-22 22:00:00,232.481,233.924,231.584,233.21,97787.0
2006-12-29 22:00:00,233.175,234.855,228.608,228.857,116568.0
2007-01-05 22:00:00,228.94,235.965,228.085,235.73,145695.0
2007-01-12 22:00:00,235.79,240.065,234.998,239.294,146333.0
2007-01-19 22:00:00,239.326,241.51,236.372,238.153,162092.0
2007-01-26 22:00:00,238.136,240.075,236.379,238.168,153767.0
2007-02-02 22:00:00,238.168,238.893,235.374,237.25,145575.0
2007-02-09 22:00:00,237.3,238.541,232.132,232.825,150614.0
2007-02-16 22:00:00,232.695,238.195,232.152,237.723,127940.0
2007-02-23 22:00:00,237.775,237.856,226.56,226.979,162972.0
2007-03-02 22:00:00,226.994,228.762,221.123,228.633,180194.0
2007-03-09 22:00:00,228.643,229.71,222.64,226.705,157131.0
2007-03-16 21:00:00,225.626,232.375,225.425,231.688,134921.0
2007-03-23 21:00:00,231.42,233.015,228.798,231.874,151409.0
2007-03-30 21:00:00,231.615,235.114,231.265,234.372,136882.0
2007-04-06 21:00:00,234.369,236.996,233.681,236.884,131130.0
2007-04-13 21:00:00,237.764,239.46,235.255,237.637,166905.0
2007-04-20 21:00:00,237.642,239.417,236.01,238.982,151251.0
2007-04-27 21:00:00,238.992,239.777,237.805,239.413,159245.0
2007-05-04 21:00:00,239.408,239.802,236.462,238.163,167792.0
2007-05-11 21:00:00,238.158,239.915,237.75,239.186,158199.0
2007-05-18 21:00:00,238.949,241.88,238.912,241.65,159643.0
2007-05-25 21:00:00,241.53,242.115,239.766,242.054,136582.0
2007-06-01 21:00:00,242.024,243.008,237.684,239.808,155325.0
2007-06-08 21:00:00,239.995,244.369,238.96,243.946,138579.0
2007-06-15 21:00:00,243.946,247.954,243.88,247.698,149692.0
2007-06-22 21:00:00,247.7,247.829,244.008,247.411,150261.0
2007-06-29 21:00:00,247.381,248.212,246.062,248.018,133986.0
2007-07-06 21:00:00,247.958,248.976,245.093,248.038,145526.0
2007-07-13 21:00:00,248.11,251.115,247.64,249.366,131957.0
2007-07-20 21:00:00,249.455,250.41,239.747,240.106,197736.0
2007-07-27 21:00:00,240.0,243.14,237.642,240.934,220275.0
2007-08-03 21:00:00,240.937,244.09,236.31,239.549,224742.0
2007-08-10 21:00:00,239.546,239.795,219.328,226.565,291125.0
2007-08-17 21:00:00,226.44,234.938,224.91,234.508,220712.0
2007-08-24 21:00:00,234.529,235.555,227.47,233.53,176566.0
2007-08-31 21:00:00,233.72,234.842,229.195,230.014,163592.0
2007-09-07 21:00:00,229.984,234.8,228.235,231.575,196936.0
2007-09-14 21:00:00,231.555,234.29,228.223,233.334,194110.0
2007-09-21 21:00:00,233.34,235.301,229.775,235.039,179241.0
2007-09-28 21:00:00,235.026,239.008,234.697,238.873,164537.0
2007-10-05 21:00:00,238.869,240.396,237.014,239.463,181839.0
2007-10-12 21:00:00,239.463,240.697,234.819,234.96,203634.0
2007-10-19 21:00:00,234.96,235.86,230.315,234.324,298812.0
2007-10-26 21:00:00,234.324,241.394,234.224,239.973,258711.0
2007-11-02 21:00:00,239.967,240.08,231.093,231.378,291008.0
2007-11-09 22:00:00,231.348,232.447,223.956,228.271,340002.0
2007-11-16 22:00:00,228.272,228.372,221.316,223.376,298808.0
2007-11-23 22:00:00,223.098,229.362,221.93,228.755,324398.0
2007-11-30 22:00:00,228.755,228.755,223.718,226.769,270623.0
2007-12-07 22:00:00,226.769,230.374,224.81,228.57,274996.0
2007-12-14 22:00:00,228.545,229.151,223.58,226.182,245392.0
2007-12-21 22:00:00,226.191,228.399,224.096,224.2,143125.0
2007-12-28 22:00:00,224.422,224.924,213.498,214.391,199047.0
2008-01-04 22:00:00,214.476,217.353,212.018,212.972,302394.0
2008-01-11 22:00:00,212.988,213.434,207.012,208.942,307871.0
2008-01-18 22:00:00,208.931,214.042,204.628,211.642,335154.0
2008-01-25 22:00:00,211.821,213.723,208.852,209.259,301368.0
2008-02-01 22:00:00,209.359,212.114,205.906,208.841,302999.0
2008-02-08 22:00:00,208.88,213.89,206.841,211.457,277565.0
2008-02-15 22:00:00,211.372,212.168,208.78,210.794,251761.0
2008-02-22 22:00:00,210.749,213.524,205.986,206.345,286710.0
2008-02-29 22:00:00,206.286,207.996,203.482,206.736,290723.0
2008-03-07 22:00:00,206.708,207.998,199.892,200.083,354702.0
2008-03-14 21:00:00,200.083,201.833,192.527,197.31,319339.0
2008-03-21 21:00:00,197.36,201.759,196.795,197.909,284610.0
2008-03-28 21:00:00,197.775,205.158,196.884,202.246,334216.0
2008-04-04 21:00:00,202.246,204.476,198.084,198.913,298441.0
2008-04-11 21:00:00,198.913,209.018,198.09,207.128,315477.0
2008-04-18 21:00:00,207.128,208.11,203.346,207.368,313687.0
2008-04-25 21:00:00,207.346,209.063,203.478,207.792,269218.0
2008-05-02 21:00:00,207.807,208.335,199.814,200.985,262768.0
2008-05-09 21:00:00,200.927,205.002,200.2,203.646,284385.0
2008-05-16 21:00:00,203.83,206.546,202.614,204.666,280214.0
2008-05-23 21:00:00,204.68,209.407,204.268,209.154,228072.0
2008-05-30 21:00:00,209.13,209.13,203.988,206.79,298686.0
2008-06-06 21:00:00,206.772,210.915,205.794,210.73,303754.0
2008-06-13 21:00:00,210.725,213.314,210.084,212.087,288710.0
2008-06-20 21:00:00,212.096,213.93,210.519,211.743,270719.0
2008-06-27 21:00:00,211.728,212.332,209.438,211.716,265530.0
2008-07-04 21:00:00,211.673,212.444,210.242,211.357,309342.0
2008-07-11 21:00:00,211.363,213.829,208.018,213.739,350375.0
2008-07-18 21:00:00,213.739,215.886,211.631,214.753,349679.0
2008-07-25 21:00:00,214.68,214.899,212.02,212.703,338748.0
2008-08-01 21:00:00,212.701,213.96,210.532,211.666,376916.0
2008-08-08 21:00:00,211.649,211.769,202.552,206.251,368636.0
2008-08-15 21:00:00,206.142,206.265,201.792,203.917,326865.0
2008-08-22 21:00:00,203.907,203.926,197.654,198.163,359740.0
2008-08-29 21:00:00,198.16,198.16,186.206,190.268,404840.0
2008-09-05 21:00:00,190.268,195.68,185.916,193.657,527160.0
2008-09-12 21:00:00,193.657,197.093,184.516,196.786,520118.0
2008-09-19 21:00:00,196.789,197.454,193.174,195.536,502747.0
2008-09-26 21:00:00,195.412,195.58,184.696,186.545,542727.0
2008-10-03 21:00:00,186.565,186.565,166.011,171.59,564648.0
2008-10-10 21:00:00,171.595,181.385,168.007,175.703,663559.0
2008-10-17 21:00:00,175.703,179.202,139.056,150.027,704990.0
2008-10-24 21:00:00,150.068,165.066,140.663,158.306,608672.0
2008-10-31 21:00:00,158.311,163.343,150.339,153.689,533975.0
2008-11-07 22:00:00,153.703,157.574,138.898,143.065,628728.0
2008-11-14 22:00:00,143.064,147.934,137.683,143.237,638280.0
2008-11-21 22:00:00,143.237,148.64,141.1,146.817,483652.0
2008-11-28 22:00:00,146.817,147.184,133.289,136.37,554115.0
2008-12-05 22:00:00,136.36,140.79,132.48,136.233,533951.0
2008-12-12 22:00:00,136.792,139.248,132.325,133.073,480896.0
2008-12-19 22:00:00,133.073,134.718,132.06,132.229,183002.0
2008-12-26 22:00:00,132.221,134.578,129.876,133.573,247622.0
2009-01-02 22:00:00,133.573,141.568,132.861,137.077,483208.0
2009-01-09 22:00:00,137.059,137.074,128.832,133.684,615797.0
2009-01-16 22:00:00,133.684,135.903,118.822,122.472,566872.0
2009-01-23 22:00:00,122.472,130.911,119.717,130.755,513941.0
2009-01-30 22:00:00,130.491,136.816,125.332,135.893,501377.0
2009-02-06 22:00:00,135.676,137.376,127.121,131.86,532173.0
2009-02-13 22:00:00,131.951,136.382,129.632,134.731,430426.0
2009-02-20 22:00:00,134.678,141.795,133.833,139.688,510372.0
2009-02-27 22:00:00,139.498,141.5,135.55,138.468,558472.0
2009-03-06 22:00:00,138.658,139.328,131.474,137.246,675821.0
2009-03-13 21:00:00,137.173,140.028,134.93,138.785,653348.0
2009-03-20 21:00:00,138.669,145.083,138.191,140.157,646973.0
2009-03-27 21:00:00,140.145,148.958,135.718,148.867,602026.0
2009-04-03 21:00:00,148.757,151.534,145.736,147.016,510296.0
2009-04-10 21:00:00,147.101,149.883,145.864,146.728,536548.0
2009-04-17 21:00:00,146.881,147.096,140.617,142.635,598872.0
2009-04-24 21:00:00,142.739,148.372,139.037,147.906,564243.0
2009-05-01 21:00:00,147.918,150.909,146.964,149.979,573927.0
2009-05-08 21:00:00,149.971,150.517,143.366,144.52,678563.0
2009-05-15 21:00:00,144.534,151.106,143.042,151.028,654519.0
2009-05-22 21:00:00,151.012,155.758,149.578,154.356,627962.0
2009-05-29 21:00:00,154.368,160.488,153.505,157.699,651804.0
2009-06-05 21:00:00,157.645,162.601,155.544,161.84,626110.0
2009-06-12 21:00:00,161.647,161.902,154.974,158.803,601762.0
2009-06-19 21:00:00,158.798,158.946,154.079,157.317,572136.0
2009-06-26 21:00:00,157.317,160.286,156.432,156.864,462616.0
2009-07-03 21:00:00,156.863,157.119,146.774,150.075,565881.0
2009-07-10 21:00:00,149.95,155.176,147.155,153.852,526408.0
2009-07-17 21:00:00,154.038,157.636,152.33,155.728,459040.0
2009-07-24 21:00:00,155.957,158.596,153.872,158.233,475011.0
2009-07-31 21:00:00,158.395,163.09,158.114,162.786,529978.0
2009-08-07 21:00:00,162.786,163.022,155.991,157.048,570855.0
2009-08-14 21:00:00,157.048,157.544,153.474,155.822,488337.0
2009-08-21 21:00:00,155.784,156.83,151.078,152.282,488263.0
2009-08-28 21:00:00,151.933,152.776,149.052,152.466,488427.0
2009-09-04 21:00:00,152.461,153.272,150.508,151.099,422459.0
2009-09-11 21:00:00,151.116,151.772,148.266,148.55,462169.0
2009-09-18 21:00:00,148.552,150.377,142.764,142.981,445609.0
2009-09-25 21:00:00,142.983,144.552,139.76,143.214,594937.0
2009-10-02 21:00:00,143.218,143.995,139.722,142.262,517446.0
2009-10-09 21:00:00,142.252,149.324,141.193,148.673,472624.0
2009-10-16 21:00:00,148.662,153.248,147.096,150.119,465128.0
2009-10-23 21:00:00,150.097,151.748,147.663,148.221,485335.0
2009-10-30 21:00:00,148.26,151.345,145.81,149.309,490941.0
2009-11-06 22:00:00,149.317,151.626,148.268,149.481,448087.0
2009-11-13 22:00:00,149.47,150.392,146.456,146.667,410463.0
2009-11-20 22:00:00,146.672,148.24,139.31,142.786,434142.0
2009-11-27 22:00:00,142.772,149.209,141.048,149.187,464602.0
2009-12-04 22:00:00,149.177,149.242,142.02,144.903,489903.0
2009-12-11 22:00:00,144.906,146.939,143.134,146.208,476396.0
2009-12-18 22:00:00,146.233,147.072,145.332,145.798,273267.0
2009-12-25 22:00:00,145.898,150.701,145.846,150.373,220858.0
2010-01-01 22:00:00,150.358,150.721,146.004,148.466,514146.0
2010-01-08 22:00:00,148.363,150.012,146.67,147.63,502549.0
2010-01-15 22:00:00,147.612,149.476,144.617,144.742,530934.0
2010-01-22 22:00:00,144.659,147.301,143.642,144.298,529575.0
2010-01-29 22:00:00,144.292,145.298,138.264,139.592,495626.0
2010-02-05 22:00:00,139.783,141.91,138.636,141.233,476836.0
2010-02-12 22:00:00,141.225,143.63,140.718,141.603,401101.0
2010-02-19 22:00:00,141.653,142.196,134.665,135.556,458258.0
2010-02-26 22:00:00,135.686,137.064,132.032,136.669,470015.0
2010-03-05 22:00:00,136.665,138.086,133.924,137.694,381006.0
2010-03-12 22:00:00,137.697,139.366,135.186,135.938,399842.0
2010-03-19 21:00:00,135.948,138.142,134.558,137.828,425871.0
2010-03-26 21:00:00,137.782,143.96,137.696,143.879,394192.0
2010-04-02 21:00:00,143.877,144.915,140.97,143.214,359732.0
2010-04-09 21:00:00,143.317,145.048,141.352,141.606,415594.0
2010-04-16 21:00:00,141.61,144.774,139.388,144.494,446231.0
2010-04-23 21:00:00,144.507,145.985,141.6,143.315,478036.0
2010-04-30 21:00:00,143.325,144.92,129.783,135.596,816179.0
2010-05-07 21:00:00,135.605,140.583,133.214,134.407,797792.0
2010-05-14 21:00:00,134.375,134.815,126.726,130.135,992150.0
2010-05-21 21:00:00,130.133,133.244,127.656,131.655,736231.0
2010-05-28 21:00:00,131.586,136.432,130.442,132.854,589214.0
2010-06-04 21:00:00,132.943,135.163,130.424,133.362,630057.0
2010-06-11 21:00:00,133.355,135.982,133.355,134.459,469078.0
2010-06-18 21:00:00,134.422,136.028,133.094,134.344,483211.0
2010-06-25 21:00:00,134.412,135.268,131.294,133.335,509604.0
2010-07-02 21:00:00,133.506,134.656,131.262,133.466,386660.0
2010-07-09 21:00:00,133.508,135.838,132.038,132.47,427365.0
2010-07-16 21:00:00,132.472,135.022,130.844,134.863,439709.0
2010-07-23 21:00:00,134.928,137.554,134.206,135.663,418920.0
2010-07-30 21:00:00,135.659,137.786,135.396,136.323,377212.0
2010-08-06 21:00:00,136.342,137.0,132.81,134.364,418456.0
2010-08-13 21:00:00,134.359,134.645,131.992,132.982,362305.0
2010-08-20 21:00:00,132.995,133.348,128.792,132.354,417115.0
2010-08-27 21:00:00,132.379,133.63,128.664,130.264,351699.0
2010-09-03 21:00:00,130.266,130.664,127.916,129.237,324603.0
2010-09-10 21:00:00,129.239,135.059,127.656,134.204,419490.0
2010-09-17 21:00:00,134.213,134.458,131.73,133.258,402554.0
2010-09-24 21:00:00,133.269,133.771,130.872,131.654,395155.0
2010-10-01 21:00:00,131.657,133.028,130.087,130.776,398208.0
2010-10-08 21:00:00,130.784,131.329,128.99,130.246,364982.0
2010-10-15 21:00:00,130.199,130.284,127.096,127.595,371320.0
2010-10-22 21:00:00,127.795,129.606,126.458,128.965,410058.0
2010-10-29 21:00:00,128.944,132.024,128.657,131.512,405745.0
2010-11-05 21:00:00,131.529,133.578,129.844,132.975,496275.0
2010-11-12 22:00:00,132.893,134.226,132.192,133.504,422406.0
2010-11-19 22:00:00,133.498,134.204,130.854,131.137,396753.0
2010-11-26 22:00:00,131.114,131.77,129.36,130.217,449235.0
2010-12-03 22:00:00,130.214,133.023,129.546,132.654,366778.0
2010-12-10 22:00:00,132.651,133.062,130.02,130.459,379639.0
2010-12-17 22:00:00,130.456,130.496,127.468,128.003,254276.0
2010-12-24 22:00:00,127.99,128.052,125.51,126.663,230533.0
2010-12-31 22:00:00,126.67,129.443,125.776,129.278,374816.0
2011-01-07 22:00:00,129.323,131.888,128.322,131.498,387694.0
2011-01-14 22:00:00,131.506,132.518,130.688,132.109,354830.0
2011-01-21 22:00:00,132.102,132.673,129.524,130.251,403350.0
2011-01-28 22:00:00,130.227,132.949,129.657,132.407,332825.0
2011-02-04 22:00:00,132.399,134.262,131.579,133.543,303808.0
2011-02-11 22:00:00,133.546,135.524,133.19,135.197,316292.0
2011-02-18 22:00:00,135.197,135.479,131.133,131.66,302302.0
2011-02-25 22:00:00,131.663,135.235,131.282,133.91,280766.0
2011-03-04 22:00:00,133.905,134.363,130.878,131.672,276847.0
2011-03-11 22:00:00,131.669,132.564,122.724,130.808,644251.0
2011-03-18 21:00:00,130.818,132.997,130.194,130.466,278672.0
2011-03-25 21:00:00,130.466,135.832,130.158,135.401,282140.0
2011-04-01 21:00:00,135.401,140.029,135.202,138.88,320915.0
2011-04-08 21:00:00,138.878,139.564,135.294,135.731,385479.0
2011-04-15 21:00:00,135.731,135.964,133.003,135.145,324368.0
2011-04-22 21:00:00,135.145,137.056,134.094,135.682,294401.0
2011-04-29 21:00:00,135.682,136.118,130.918,131.965,394310.0
2011-05-06 21:00:00,131.965,134.064,130.286,130.869,383347.0
2011-05-13 21:00:00,130.869,133.2,130.42,132.633,375927.0
2011-05-20 21:00:00,132.633,133.8,131.279,133.375,370278.0
2011-05-27 21:00:00,133.375,135.137,130.667,131.861,345049.0
2011-06-03 21:00:00,131.861,132.304,129.789,130.345,319260.0
2011-06-10 21:00:00,130.345,132.333,129.358,129.634,335825.0
2011-06-17 21:00:00,129.634,130.546,128.242,128.358,297553.0
2011-06-24 21:00:00,128.358,130.088,128.183,129.936,303203.0
2011-07-01 21:00:00,129.936,130.848,128.896,129.486,247788.0
2011-07-08 21:00:00,129.486,129.486,124.887,127.686,336996.0
2011-07-15 21:00:00,127.686,128.428,126.662,128.049,244143.0
2011-07-22 21:00:00,128.049,128.344,125.992,126.096,240630.0
2011-07-29 21:00:00,126.096,130.842,124.2,128.517,469502.0
2011-08-05 21:00:00,128.517,128.898,123.312,124.865,504088.0
2011-08-12 21:00:00,124.865,126.982,124.865,126.034,238324.0
2011-08-19 21:00:00,126.034,127.336,124.496,125.528,226777.0
2011-08-26 21:00:00,125.528,126.586,124.14,124.532,189171.0
2011-09-02 21:00:00,124.532,125.082,122.371,123.219,244394.0
2011-09-09 21:00:00,123.219,123.219,120.682,121.261,250437.0
2011-09-16 21:00:00,121.261,121.471,116.844,118.201,279398.0
2011-09-23 21:00:00,118.201,120.85,117.774,120.081,274093.0
2011-09-30 21:00:00,120.081,120.36,116.981,119.395,294355.0
2011-10-07 21:00:00,119.395,122.622,119.088,122.143,230078.0
2011-10-14 21:00:00,122.143,122.645,120.002,121.628,234785.0
2011-10-21 21:00:00,121.628,122.526,120.698,122.299,223464.0
2011-10-28 21:00:00,122.299,127.347,121.439,125.442,325659.0
2011-11-04 21:00:00,125.442,125.712,122.978,123.926,202949.0
2011-11-11 22:00:00,123.926,124.357,120.894,121.532,228187.0
2011-11-18 22:00:00,121.44,121.519,119.388,120.024,196585.0
2011-11-25 22:00:00,120.024,122.684,119.856,121.636,219965.0
2011-12-02 22:00:00,121.636,122.308,120.936,121.589,174755.0
2011-12-09 22:00:00,121.624,121.792,120.298,120.891,176106.0
2011-12-16 22:00:00,120.898,122.772,120.528,121.702,143374.0
2011-12-23 22:00:00,121.775,122.324,119.272,119.533,113862.0
2011-12-30 22:00:00,119.56,120.213,118.459,118.73,129121.0
2012-01-06 22:00:00,118.73,119.117,117.285,117.887,135368.0
2012-01-13 22:00:00,117.887,120.012,117.38,119.977,132249.0
2012-01-20 22:00:00,119.977,122.052,119.482,120.622,164305.0
2012-01-27 22:00:00,120.655,121.224,119.598,121.137,140037.0
2012-02-03 22:00:00,121.203,123.18,120.493,122.294,153135.0
2012-02-10 22:00:00,122.294,126.073,121.688,125.915,184664.0
2012-02-17 22:00:00,125.915,128.964,125.474,128.887,178092.0
2012-02-24 22:00:00,128.887,130.113,126.695,129.56,250526.0
2012-03-02 22:00:00,129.56,129.758,126.554,129.288,226977.0
2012-03-09 22:00:00,129.198,132.444,128.186,132.199,235981.0
2012-03-16 21:00:00,132.199,133.494,130.008,130.683,239043.0
2012-03-23 21:00:00,130.683,133.388,130.15,132.695,268404.0
2012-03-30 21:00:00,132.695,133.258,129.157,129.573,245451.0
2012-04-06 21:00:00,129.308,130.24,127.884,128.233,223889.0
2012-04-13 21:00:00,128.233,131.807,127.108,131.439,227002.0
2012-04-20 21:00:00,131.496,131.826,130.211,130.55,220553.0
2012-04-27 21:00:00,130.55,130.87,128.86,128.963,157518.0
2012-05-04 21:00:00,128.8,129.586,127.831,128.451,191409.0
2012-05-11 21:00:00,128.451,128.878,124.645,124.999,211556.0
2012-05-18 21:00:00,124.999,126.464,124.156,124.835,206164.0
2012-05-25 21:00:00,124.835,125.113,118.799,119.85,207981.0
2012-06-01 21:00:00,119.785,124.35,119.76,122.95,220752.0
2012-06-08 21:00:00,123.04,124.284,122.138,123.717,214033.0
2012-06-15 21:00:00,123.717,125.834,123.249,125.363,231064.0
2012-06-22 21:00:00,125.363,125.672,122.884,125.323,213810.0
2012-06-29 21:00:00,125.03,125.494,123.07,123.388,194007.0
2012-07-06 21:00:00,123.388,124.054,122.047,123.331,151396.0
2012-07-13 21:00:00,123.331,123.92,122.49,122.622,158114.0
2012-07-20 21:00:00,122.622,123.778,120.838,123.515,201699.0
2012-07-27 21:00:00,123.515,123.662,121.094,122.725,184487.0
2012-08-03 21:00:00,122.725,123.262,121.746,122.803,165312.0
2012-08-10 21:00:00,122.803,124.974,122.41,124.898,140088.0
2012-08-17 21:00:00,124.898,125.52,124.082,124.351,147698.0
2012-08-24 21:00:00,124.351,124.812,123.704,124.338,115218.0
2012-08-31 21:00:00,124.338,126.203,123.964,125.286,133300.0
2012-09-07 21:00:00,125.286,127.26,124.475,127.121,171264.0
2012-09-14 21:00:00,127.122,128.836,126.238,126.856,182856.0
2012-09-21 21:00:00,126.856,127.116,125.351,125.967,154650.0
2012-09-28 21:00:00,125.967,127.818,125.52,126.943,141789.0
2012-10-05 21:00:00,126.943,127.07,124.75,126.081,121292.0
2012-10-12 21:00:00,126.081,128.235,125.55,126.938,136638.0
2012-10-19 21:00:00,126.934,129.656,126.714,128.253,158456.0
2012-10-26 21:00:00,128.253,129.61,127.038,128.894,142722.0
2012-11-02 21:00:00,128.894,129.077,125.96,126.37,159752.0
2012-11-09 22:00:00,126.37,129.286,125.679,129.107,154119.0
2012-11-16 22:00:00,129.293,132.328,128.93,132.073,180351.0
2012-11-23 22:00:00,132.073,132.806,130.466,132.069,191115.0
2012-11-30 22:00:00,132.069,132.911,131.564,132.339,183380.0
2012-12-07 22:00:00,132.339,135.408,131.677,135.08,231205.0
2012-12-14 22:00:00,136.379,137.868,135.457,136.22,406360.0
2012-12-21 22:00:00,136.442,139.534,136.211,138.788,267926.0
2012-12-28 22:00:00,138.852,142.77,138.54,141.655,400313.0
2013-01-04 22:00:00,141.655,144.423,139.403,143.876,561246.0
2013-01-11 22:00:00,143.876,144.81,140.515,142.964,709665.0
2013-01-18 22:00:00,142.964,144.247,139.266,143.594,672593.0
2013-01-25 22:00:00,143.52,146.488,141.898,145.672,626241.0
2013-02-01 22:00:00,145.672,147.978,144.86,146.436,728852.0
2013-02-08 22:00:00,146.436,147.93,142.77,145.088,1585729.0
2013-02-15 22:00:00,145.088,145.903,141.337,141.643,1248908.0
2013-02-22 22:00:00,142.55,142.805,137.836,140.739,1794652.0
2013-03-01 22:00:00,140.739,144.777,140.219,143.288,1245353.0
2013-03-08 22:00:00,143.288,145.879,142.016,144.008,1294246.0
2013-03-15 21:00:00,144.008,145.27,142.318,143.873,1444537.0
2013-03-22 21:00:00,143.832,144.793,141.896,143.161,815676.0
2013-03-29 21:00:00,143.239,150.049,140.392,149.608,1004691.0
2013-04-05 21:00:00,150.366,153.872,150.316,150.98,1094827.0
2013-04-12 21:00:00,150.98,152.528,146.444,151.586,1331249.0
2013-04-19 21:00:00,152.054,153.776,149.972,151.728,1105815.0
2013-04-26 21:00:00,151.7,154.69,150.752,154.178,933413.0
2013-05-03 21:00:00,154.43,156.686,152.738,156.09,907117.0
2013-05-10 21:00:00,156.46,156.776,154.974,156.577,1106482.0
2013-05-17 21:00:00,156.119,156.554,151.794,153.191,1417080.0
2013-05-24 21:00:00,152.957,154.662,152.24,152.683,1337055.0
2013-05-31 21:00:00,152.761,153.816,148.204,151.77,1643616.0
2013-06-07 21:00:00,151.838,154.248,147.11,147.799,1720931.0
2013-06-14 21:00:00,148.161,151.932,147.916,150.956,1393194.0
2013-06-21 21:00:00,150.597,151.754,149.258,150.81,1325710.0
2013-06-28 21:00:00,150.9,153.026,149.496,150.63,1066127.0
2013-07-05 21:00:00,150.632,151.613,148.787,149.88,1211804.0
2013-07-12 21:00:00,150.222,153.681,149.688,153.629,991731.0
2013-07-19 21:00:00,153.389,154.054,150.73,151.178,1058450.0
2013-07-26 21:00:00,150.862,151.588,148.26,151.293,1067213.0
2013-08-02 21:00:00,151.292,151.521,147.62,149.127,985519.0
2013-08-09 21:00:00,149.208,153.252,148.867,152.378,948894.0
2013-08-16 21:00:00,152.485,154.678,151.744,153.722,940028.0
2013-08-23 21:00:00,153.442,153.982,150.48,152.196,835043.0
2013-08-30 21:00:00,152.916,156.434,152.41,154.925,889636.0
2013-09-06 21:00:00,155.735,158.555,155.512,157.755,825793.0
2013-09-13 21:00:00,157.211,159.992,157.023,158.998,818702.0
2013-09-20 21:00:00,158.88,159.272,157.35,158.576,752799.0
2013-09-27 21:00:00,158.511,159.96,155.732,156.048,951403.0
2013-10-04 21:00:00,155.785,157.53,154.731,157.302,781047.0
2013-10-11 21:00:00,156.966,158.682,156.724,157.967,750073.0
2013-10-18 21:00:00,158.29,159.53,156.868,157.462,723532.0
2013-10-25 21:00:00,158.021,158.306,156.764,157.132,791162.0
2013-11-01 21:00:00,157.372,159.285,156.633,158.668,809282.0
2013-11-08 22:00:00,158.788,161.656,157.992,161.458,786858.0
2013-11-15 22:00:00,161.668,164.388,160.41,164.336,845135.0
2013-11-22 22:00:00,164.381,167.906,163.686,167.657,744630.0
2013-11-29 22:00:00,167.788,169.146,165.88,168.23,1002620.0
2013-12-06 22:00:00,168.396,170.065,167.526,168.268,811166.0
2013-12-13 22:00:00,168.283,171.213,166.58,170.018,852949.0
2013-12-20 22:00:00,169.918,173.958,169.778,173.337,434363.0
2013-12-27 22:00:00,173.377,174.846,171.052,172.136,558958.0
2014-01-03 22:00:00,171.893,173.14,170.414,171.694,858536.0
2014-01-10 22:00:00,171.416,171.882,168.348,171.335,801650.0
2014-01-17 22:00:00,171.109,173.66,168.552,168.765,919038.0
2014-01-24 22:00:00,168.745,171.47,167.584,167.67,1109542.0
2014-01-31 22:00:00,167.48,168.221,163.882,167.956,1063914.0
2014-02-07 22:00:00,168.142,170.607,167.202,170.458,775144.0
2014-02-14 22:00:00,170.416,171.894,169.231,170.296,803066.0
2014-02-21 22:00:00,170.41,171.211,169.062,170.417,809648.0
2014-02-28 22:00:00,169.644,173.588,168.83,172.623,781455.0
2014-03-07 22:00:00,172.386,172.877,167.938,168.726,778124.0
2014-03-14 21:00:00,168.49,169.728,167.778,168.62,715569.0
2014-03-21 21:00:00,168.16,171.318,168.134,171.075,704772.0
2014-03-28 21:00:00,171.508,173.148,170.986,171.194,700158.0
2014-04-04 21:00:00,171.143,171.635,169.508,170.043,753773.0
2014-04-11 21:00:00,169.952,172.19,169.501,171.949,563568.0
2014-04-18 21:00:00,172.031,172.798,171.368,171.709,484530.0
2014-04-25 21:00:00,171.747,173.481,171.265,172.478,763753.0
2014-05-02 21:00:00,172.473,172.99,171.221,171.683,968509.0
2014-05-09 21:00:00,171.634,172.746,170.168,170.708,982993.0
2014-05-16 21:00:00,170.775,171.868,169.805,171.719,862850.0
2014-05-23 21:00:00,171.612,171.982,169.541,170.505,625495.0
2014-05-30 21:00:00,170.804,172.516,170.46,172.156,605552.0
2014-06-06 21:00:00,172.282,173.373,170.972,173.163,589397.0
2014-06-13 21:00:00,173.249,174.097,172.73,173.656,528769.0
2014-06-20 21:00:00,173.756,173.832,172.463,172.796,461023.0
2014-06-27 21:00:00,172.735,175.37,172.379,175.155,406537.0
2014-07-04 21:00:00,175.226,175.268,172.958,173.311,380613.0
2014-07-11 21:00:00,173.584,174.554,172.682,173.136,407889.0
2014-07-18 21:00:00,173.168,173.472,172.608,172.847,402858.0
2014-07-25 21:00:00,172.821,174.234,172.391,172.592,477780.0
2014-08-01 21:00:00,172.644,173.507,170.712,171.152,508014.0
2014-08-08 21:00:00,171.464,172.616,170.434,170.866,206617.0
2014-08-15 21:00:00,171.234,172.632,170.7,172.268,218924.0
2014-08-22 21:00:00,172.526,172.872,171.68,172.768,237574.0
2014-08-29 21:00:00,172.88,173.959,170.978,171.578,309157.0
2014-09-05 21:00:00,169.746,174.672,169.346,174.63,484244.0
2014-09-12 21:00:00,174.545,180.714,172.994,177.602,321500.0
2014-09-19 21:00:00,177.789,178.748,176.644,177.586,249055.0
2014-09-26 21:00:00,177.482,178.185,174.322,175.287,291854.0
2014-10-03 21:00:00,175.193,175.577,172.743,173.064,324954.0
2014-10-10 21:00:00,172.874,173.024,168.022,172.01,432677.0
2014-10-17 21:00:00,172.674,174.034,171.074,174.034,269455.0
2014-10-24 21:00:00,174.259,179.822,173.394,179.692,287560.0
2014-10-31 21:00:00,179.944,184.329,179.666,181.885,391871.0
2014-11-07 22:00:00,181.896,184.677,181.081,182.173,359439.0
2014-11-14 22:00:00,182.698,186.138,181.104,184.521,595810.0
2014-11-21 22:00:00,184.397,186.117,184.061,185.597,586334.0
2014-11-28 22:00:00,185.864,189.719,185.042,189.314,685656.0
2014-12-05 22:00:00,189.36,189.696,184.975,186.673,959538.0
2014-12-12 22:00:00,186.651,187.254,181.601,186.769,1186939.0
2014-12-19 22:00:00,186.787,187.561,186.487,187.295,375183.0
2014-12-26 22:00:00,187.351,187.814,184.312,184.692,330896.0
2015-01-02 22:00:00,184.513,184.578,179.176,179.681,915755.0
2015-01-09 22:00:00,179.598,180.554,175.84,178.053,1273497.0
2015-01-16 22:00:00,177.733,180.28,176.152,176.55,1045680.0
2015-01-23 22:00:00,176.404,179.432,175.764,177.116,1002244.0
2015-01-30 22:00:00,176.562,181.808,175.5,181.645,1020462.0
2015-02-06 22:00:00,181.28,184.193,180.164,182.971,863240.0
2015-02-13 22:00:00,182.744,184.21,181.534,183.2,805205.0
2015-02-20 22:00:00,183.416,185.038,182.614,184.659,720938.0
2015-02-27 22:00:00,184.602,184.925,181.484,181.685,584722.0
2015-03-06 22:00:00,181.792,183.928,178.238,178.985,794737.0
2015-03-13 21:00:00,179.023,181.091,177.164,179.567,811412.0
2015-03-20 21:00:00,179.508,179.692,176.49,177.2,843220.0
2015-03-27 21:00:00,177.511,178.436,176.688,177.491,654206.0
2015-04-03 21:00:00,177.341,179.3,175.683,175.916,620945.0
2015-04-10 21:00:00,175.964,178.754,174.881,177.926,787654.0
2015-04-17 21:00:00,178.054,181.019,177.193,180.692,679253.0
2015-04-24 21:00:00,180.456,184.478,180.31,182.002,795315.0
2015-05-01 21:00:00,182.114,186.056,180.955,185.025,766614.0
2015-05-08 21:00:00,184.853,188.622,184.582,187.674,331848.0
2015-05-15 21:00:00,187.754,190.02,185.971,188.265,320788.0
2015-05-22 21:00:00,188.018,190.72,187.81,189.868,328888.0
2015-05-29 21:00:00,189.79,191.962,188.549,191.791,372041.0
2015-06-05 21:00:00,191.656,192.221,188.982,192.026,376673.0
2015-06-12 21:00:00,191.636,195.844,191.42,194.807,300092.0
2015-06-19 21:00:00,195.205,195.886,193.486,195.056,257355.0
2015-06-26 21:00:00,192.594,193.536,190.912,191.175,329692.0
2015-07-03 21:00:00,189.565,191.668,185.004,190.517,365196.0
2015-07-10 21:00:00,189.373,194.379,189.368,193.619,545178.0
2015-07-17 21:00:00,193.51,193.981,191.662,192.038,609130.0
2015-07-24 21:00:00,191.973,194.594,191.014,193.505,746831.0
2015-07-31 21:00:00,193.752,195.26,191.986,192.466,728268.0
2015-08-07 21:00:00,192.369,195.038,192.318,194.448,734412.0
2015-08-14 21:00:00,194.571,195.28,191.334,191.481,695362.0
2015-08-21 21:00:00,191.085,191.448,183.292,187.327,1363510.0
2015-08-28 21:00:00,187.327,187.56,180.494,180.572,984310.0
2015-09-04 21:00:00,180.533,187.337,180.418,186.045,900004.0
2015-09-11 21:00:00,185.985,188.329,184.221,186.32,785013.0
2015-09-18 21:00:00,186.544,187.34,181.618,183.049,862589.0
2015-09-25 21:00:00,183.123,183.326,180.667,182.115,882690.0
2015-10-02 21:00:00,182.316,184.858,181.894,184.166,737777.0
2015-10-09 21:00:00,184.079,184.732,181.842,184.431,679962.0
2015-10-16 21:00:00,184.389,186.312,183.844,185.999,669919.0
2015-10-23 21:00:00,186.018,186.736,183.901,186.098,709078.0
2015-10-30 21:00:00,186.054,187.722,184.312,185.302,656528.0
2015-11-06 22:00:00,185.585,187.518,185.38,186.845,622835.0
2015-11-13 22:00:00,186.206,188.818,186.009,186.554,607454.0
2015-11-20 22:00:00,186.585,186.982,184.253,184.608,580164.0
2015-11-27 22:00:00,184.663,186.274,183.976,186.031,779418.0
2015-12-04 22:00:00,186.085,186.352,183.38,184.251,796107.0
2015-12-11 22:00:00,184.542,184.581,180.401,180.49,1002952.0
2015-12-18 22:00:00,180.668,181.236,178.966,179.449,451038.0
2015-12-25 22:00:00,179.449,180.057,177.076,177.172,357418.0
2016-01-01 22:00:00,177.134,177.382,170.152,170.226,1036396.0
2016-01-08 22:00:00,170.304,172.285,166.258,166.876,1089571.0
2016-01-15 22:00:00,166.41,170.362,163.985,169.425,1203298.0
2016-01-22 22:00:00,169.311,174.18,166.982,172.514,1144682.0
2016-01-29 22:00:00,172.922,175.018,168.986,169.471,1222650.0
2016-02-05 22:00:00,169.24,170.636,159.814,164.248,1697619.0
2016-02-12 22:00:00,164.435,166.096,160.734,162.169,1131647.0
2016-02-19 22:00:00,160.576,161.565,154.723,158.11,1177826.0
2016-02-26 22:00:00,157.922,162.447,156.191,161.82,1045851.0
2016-03-04 22:00:00,161.982,164.102,159.484,163.749,967337.0
2016-03-11 22:00:00,163.87,163.986,159.021,161.49,837795.0
2016-03-18 21:00:00,161.066,161.502,158.45,159.793,614766.0
2016-03-25 21:00:00,159.965,162.579,158.72,158.964,733646.0
2016-04-01 21:00:00,158.798,159.593,151.659,152.64,875945.0
2016-04-08 21:00:00,152.444,155.764,151.971,154.475,714791.0
2016-04-15 21:00:00,153.629,161.27,152.524,160.999,756855.0
2016-04-22 21:00:00,161.819,162.819,155.282,155.368,864671.0
2016-04-29 21:00:00,154.966,156.664,153.64,154.53,722867.0
2016-05-06 21:00:00,154.338,158.499,154.338,155.975,680219.0
2016-05-13 21:00:00,155.917,161.64,155.677,159.708,696834.0
2016-05-20 21:00:00,159.788,162.524,158.052,161.228,631933.0
2016-05-27 21:00:00,161.327,163.906,154.588,154.657,789325.0
2016-06-03 21:00:00,154.178,157.982,151.509,152.487,818753.0
2016-06-10 21:00:00,152.466,152.466,145.396,149.578,1267394.0
2016-06-17 21:00:00,151.532,160.172,133.306,139.806,1534997.0
2016-06-24 21:00:00,136.291,139.028,133.342,136.04,1253968.0
2016-07-01 21:00:00,135.937,136.83,128.782,130.235,926237.0
2016-07-08 21:00:00,130.308,143.245,130.167,138.212,1195878.0
2016-07-15 21:00:00,139.035,142.4,138.35,139.093,947989.0
2016-07-22 21:00:00,139.568,140.148,134.922,135.024,977677.0
2016-07-29 21:00:00,135.478,136.264,132.246,133.088,756913.0
2016-08-05 21:00:00,133.425,134.026,130.373,130.878,488070.0
2016-08-12 21:00:00,130.837,132.269,129.166,131.044,696807.0
2016-08-19 21:00:00,131.591,133.878,131.141,133.756,580720.0
2016-08-26 21:00:00,133.817,138.842,133.348,138.194,629559.0
2016-09-02 21:00:00,138.461,138.527,135.024,136.294,646577.0
2016-09-09 21:00:00,136.066,136.628,132.923,132.972,741466.0
2016-09-16 21:00:00,132.805,133.482,130.414,130.958,657652.0
2016-09-23 21:00:00,131.041,132.444,129.642,131.513,616855.0
2016-09-30 21:00:00,130.787,132.234,124.71,127.968,543565.0
2016-10-07 21:00:00,128.025,128.616,124.832,126.951,687671.0
2016-10-14 21:00:00,126.852,128.176,126.126,126.991,483926.0
2016-10-21 21:00:00,126.945,128.434,126.605,127.684,551053.0
2016-10-28 21:00:00,127.184,129.456,126.494,129.094,699281.0
2016-11-04 21:00:00,129.672,134.923,126.716,134.419,1273555.0
2016-11-11 22:00:00,134.353,137.592,134.188,136.905,1086987.0
2016-11-18 22:00:00,136.905,141.754,136.29,141.296,957234.0
2016-11-25 22:00:00,140.658,145.195,138.516,144.53,598382.0
2016-12-02 22:00:00,143.707,146.042,142.565,145.016,501803.0
2016-12-09 22:00:00,145.148,148.458,144.919,147.249,563812.0
2016-12-16 22:00:00,147.284,147.383,143.498,144.125,398575.0
2016-12-23 22:00:00,143.776,144.702,142.178,144.409,308554.0
2016-12-30 22:00:00,144.04,145.402,142.505,143.704,470559.0
2017-01-06 22:00:00,143.352,143.862,138.928,139.505,686190.0
2017-01-13 22:00:00,137.182,142.179,136.469,141.82,734441.0
2017-01-20 22:00:00,141.81,144.79,140.763,144.448,624438.0
2017-01-27 22:00:00,144.435,144.624,140.384,140.559,617319.0
2017-02-03 22:00:00,140.46,142.38,138.548,141.368,476899.0
2017-02-10 22:00:00,141.663,142.816,139.636,140.03,438985.0
2017-02-17 22:00:00,140.071,142.042,139.42,139.749,375780.0
2017-02-24 22:00:00,139.885,140.76,138.832,140.226,910244.0
2017-03-03 22:00:00,139.984,140.544,138.442,139.701,823871.0
2017-03-10 22:00:00,139.542,140.63,138.564,139.685,1233312.0
2017-03-17 21:00:00,139.606,140.42,137.758,138.872,1336321.0
2017-03-24 21:00:00,138.553,140.101,137.528,139.778,1190387.0
2017-03-31 21:00:00,139.767,139.909,136.991,137.41,1221296.0
2017-04-07 21:00:00,137.529,138.276,135.962,136.05,924003.0
2017-04-14 21:00:00,136.271,140.344,135.61,139.76,1050173.0
2017-04-21 21:00:00,141.994,144.506,140.056,144.414,1250819.0
2017-04-28 21:00:00,143.96,146.46,143.807,146.318,962751.0
2017-05-05 21:00:00,146.66,148.118,145.664,146.045,1154127.0
2017-05-12 21:00:00,145.793,147.118,143.347,145.016,1473183.0
2017-05-19 21:00:00,144.262,145.448,142.134,142.541,1211893.0
2017-05-26 21:00:00,142.473,143.952,141.48,142.304,1033112.0
2017-06-02 21:00:00,141.956,143.106,139.532,140.579,1226175.0
2017-06-09 21:00:00,140.234,142.35,138.671,141.688,1198824.0
2017-06-16 21:00:00,141.576,142.556,139.85,141.527,988773.0
2017-06-23 21:00:00,141.665,146.553,141.571,146.397,1258325.0
2017-06-30 21:00:00,145.814,147.62,145.739,146.787,1112659.0
2017-07-07 21:00:00,146.735,147.775,145.276,147.439,1154567.0
2017-07-14 21:00:00,147.284,147.616,144.059,144.43,1293143.0
2017-07-21 21:00:00,144.439,146.568,144.032,145.394,1333005.0
2017-07-28 21:00:00,145.269,146.805,144.23,144.336,1232809.0
2017-08-04 21:00:00,144.435,144.718,141.253,142.013,1062610.0
2017-08-11 21:00:00,141.954,143.204,139.791,140.61,1166858.0
2017-08-18 21:00:00,140.688,141.05,139.298,140.806,954404.0
2017-08-25 21:00:00,141.203,143.048,140.012,142.828,1063145.0
2017-09-01 21:00:00,141.98,142.694,141.196,142.305,1073784.0
2017-09-08 21:00:00,142.649,151.554,142.56,150.64,1231624.0
2017-09-15 21:00:00,150.666,152.866,150.13,151.167,1301314.0
2017-09-22 21:00:00,151.301,152.278,149.752,150.763,1273641.0
2017-09-29 21:00:00,150.719,150.966,147.042,147.262,1018112.0
2017-10-06 21:00:00,147.263,149.266,146.942,148.579,863770.0
2017-10-13 21:00:00,148.676,149.832,147.782,149.708,887052.0
2017-10-20 21:00:00,149.708,151.402,148.886,149.251,1037716.0
2017-10-27 21:00:00,149.269,151.97,148.668,149.157,929854.0
2017-11-03 21:00:00,149.071,150.329,148.444,149.731,380403.0
2017-11-10 22:00:00,149.391,149.692,147.938,148.199,262625.0
2017-11-17 22:00:00,148.199,149.372,147.638,148.748,210508.0
2017-11-24 22:00:00,148.588,152.487,146.981,151.315,353773.0
2017-12-01 22:00:00,151.558,153.413,149.761,151.862,325095.0
2017-12-08 22:00:00,151.939,152.342,149.419,150.05,260033.0
2017-12-15 22:00:00,150.097,152.016,149.774,151.376,197469.0
2017-12-22 22:00:00,151.418,152.516,151.193,152.245,112626.0
2017-12-29 22:00:00,152.14,153.644,151.76,153.391,143611.0
2018-01-05 22:00:00,153.455,153.675,150.2,152.473,242624.0
2018-01-12 22:00:00,152.549,154.584,151.936,153.521,293031.0
2018-01-19 22:00:00,153.624,156.091,153.434,153.829,407375.0
2018-01-26 22:00:00,153.695,156.612,151.976,155.537,387841.0
2018-02-02 22:00:00,155.41,155.548,148.926,150.467,614299.0
2018-02-09 22:00:00,150.401,150.828,147.972,149.133,393971.0
2018-02-16 22:00:00,149.06,150.932,148.546,149.302,281778.0
2018-02-23 22:00:00,149.966,150.014,144.994,145.95,350057.0
2018-03-02 22:00:00,145.554,148.548,145.084,147.937,325098.0
2018-03-09 22:00:00,147.731,149.384,147.252,147.798,257077.0
2018-03-16 21:00:00,147.651,150.312,147.054,148.02,367780.0
2018-03-23 21:00:00,147.973,150.598,147.914,148.904,292879.0
2018-03-30 21:00:00,149.039,151.228,148.392,150.668,278248.0
2018-04-06 21:00:00,150.726,153.857,150.5,152.838,255731.0
2018-04-13 21:00:00,153.178,153.764,150.685,150.741,232352.0
2018-04-20 21:00:00,150.934,152.734,150.257,150.308,240699.0
2018-04-27 21:00:00,150.238,150.848,147.068,147.595,256796.0
2018-05-04 21:00:00,147.697,149.312,147.056,148.11,255214.0
2018-05-11 21:00:00,148.12,150.011,148.008,149.192,225803.0
2018-05-18 21:00:00,149.325,149.73,145.284,145.46,292887.0
2018-05-25 21:00:00,146.165,146.302,143.2,146.192,377593.0
2018-06-01 21:00:00,146.192,148.12,145.847,146.855,276042.0
2018-06-08 21:00:00,146.68,147.992,146.3,146.952,275594.0
2018-06-15 21:00:00,146.83,147.062,144.39,145.883,285667.0
2018-06-22 21:00:00,145.639,146.334,143.774,146.229,333526.0
2018-06-29 21:00:00,145.949,146.874,145.191,146.751,284033.0
2018-07-06 21:00:00,147.113,148.903,146.108,148.694,296546.0
2018-07-13 21:00:00,148.475,149.32,145.982,146.358,285842.0
2018-07-20 21:00:00,146.21,146.536,145.274,145.494,244805.0
2018-07-27 21:00:00,145.489,147.148,144.517,144.643,259192.0
2018-08-03 21:00:00,144.71,144.74,140.946,141.631,205397.0
2018-08-10 21:00:00,140.842,142.476,139.902,140.904,287815.0
2018-08-17 21:00:00,140.978,143.245,140.671,142.935,203858.0
2018-08-24 21:00:00,142.975,145.69,142.534,143.931,221220.0
2018-08-31 21:00:00,143.487,144.968,142.597,143.409,270072.0
2018-09-07 21:00:00,143.587,147.038,143.078,146.45,240384.0
2018-09-14 21:00:00,146.441,149.72,146.32,147.214,261131.0
2018-09-21 21:00:00,147.049,149.096,146.952,148.154,226011.0
2018-09-28 21:00:00,148.327,149.428,147.2,149.166,282756.0
2018-10-05 21:00:00,149.368,149.514,147.169,147.583,379419.0
2018-10-12 21:00:00,146.771,148.408,145.816,147.064,311700.0
2018-10-19 21:00:00,147.225,147.585,142.776,143.545,373545.0
2018-10-26 21:00:00,143.48,147.262,143.22,146.796,332046.0
2018-11-02 21:00:00,147.39,149.49,146.858,147.668,280752.0
2018-11-09 22:00:00,147.016,148.73,144.267,144.806,467934.0
2018-11-16 22:00:00,144.902,145.956,144.027,144.766,262334.0
2018-11-23 22:00:00,144.84,145.842,144.522,144.706,259391.0
2018-11-30 22:00:00,145.152,145.516,142.849,143.484,306019.0
2018-12-07 22:00:00,143.095,143.94,141.183,142.708,348758.0
2018-12-14 22:00:00,142.868,143.24,140.246,140.524,342056.0
2018-12-21 22:00:00,140.322,140.874,139.502,140.068,280036.0
2018-12-28 22:00:00,140.102,140.88,131.132,138.092,301537.0
2019-01-04 22:00:00,138.12,139.488,137.455,139.348,297619.0
2019-01-11 22:00:00,139.54,142.218,137.374,141.317,331805.0
2019-01-18 22:00:00,141.272,144.844,140.63,144.578,262840.0
2019-01-25 22:00:00,144.456,144.733,142.082,143.23,276611.0
2019-02-01 22:00:00,143.166,144.178,141.133,142.048,206981.0
2019-02-08 22:00:00,141.982,143.339,141.013,142.372,233003.0
2019-02-15 22:00:00,142.614,145.049,142.484,144.488,232397.0
2019-02-22 22:00:00,144.68,148.572,144.462,147.746,274571.0
2019-03-01 22:00:00,148.204,148.312,144.32,144.696,258001.0
2019-03-08 22:00:00,144.032,148.88,143.731,148.198,357047.0
2019-03-15 21:00:00,148.218,148.391,144.138,145.222,303346.0
2019-03-22 21:00:00,145.301,146.51,143.832,144.472,380557.0
2019-03-29 21:00:00,144.802,147.197,144.395,145.644,268138.0
2019-04-05 21:00:00,145.682,147.016,144.789,146.442,210269.0
2019-04-12 21:00:00,146.482,147.002,145.296,145.432,233301.0
2019-04-19 21:00:00,145.434,145.628,143.764,144.19,174795.0
2019-04-26 21:00:00,144.224,146.509,144.052,146.386,199909.0
2019-05-03 21:00:00,145.434,145.945,142.236,142.942,262401.0
2019-05-10 21:00:00,142.736,142.872,139.552,140.002,210851.0
2019-05-17 21:00:00,140.008,141.742,138.512,138.941,229431.0
2019-05-24 21:00:00,139.126,139.646,136.638,136.788,226291.0
2019-05-31 21:00:00,136.811,138.17,136.564,137.813,269580.0
2019-06-07 21:00:00,138.222,138.328,136.518,136.67,205304.0
2019-06-14 21:00:00,136.548,137.19,135.38,136.766,227786.0
2019-06-21 21:00:00,136.757,137.336,135.814,137.017,212159.0
2019-06-28 21:00:00,137.424,137.792,135.176,135.876,171098.0
2019-07-05 21:00:00,135.882,136.282,135.086,135.695,157141.0
2019-07-12 21:00:00,135.538,135.848,133.854,134.697,165141.0
2019-07-19 21:00:00,134.708,135.67,134.254,134.576,161726.0
2019-07-26 21:00:00,134.504,134.588,129.08,129.632,288024.0
2019-08-02 21:00:00,129.622,130.069,126.975,127.117,355043.0
2019-08-09 21:00:00,127.246,129.576,126.556,129.189,315446.0
2019-08-16 21:00:00,129.221,130.702,128.27,129.511,247963.0
2019-08-23 21:00:00,128.862,130.388,128.211,129.259,315973.0
2019-08-30 21:00:00,128.883,132.17,126.675,131.372,264858.0
2019-09-06 21:00:00,131.14,135.215,130.814,135.142,246370.0
2019-09-13 21:00:00,134.189,135.76,133.88,134.199,233726.0
2019-09-20 21:00:00,134.302,134.624,132.323,132.646,235105.0
2019-09-27 21:00:00,132.642,133.36,131.284,131.867,252310.0
2019-10-04 21:00:00,131.349,137.9,130.434,137.122,321225.0
2019-10-11 21:00:00,136.855,141.518,135.504,140.789,455242.0
2019-10-18 21:00:00,140.797,141.364,138.878,139.412,256795.0
2019-10-25 21:00:00,139.346,140.69,139.335,139.988,206258.0
2019-11-01 21:00:00,139.951,140.754,139.423,139.578,177526.0
2019-11-08 22:00:00,139.799,140.59,139.373,140.378,166326.0
2019-11-15 22:00:00,140.613,141.576,139.325,139.443,185335.0
2019-11-22 22:00:00,139.735,141.858,139.608,141.643,162979.0
2019-11-29 22:00:00,141.402,143.252,140.838,142.661,186332.0
2019-12-06 22:00:00,142.661,147.958,142.482,145.8,284838.0
2019-12-13 22:00:00,145.808,146.814,141.984,142.279,236206.0
2019-12-20 22:00:00,142.306,143.653,141.17,143.295,112486.0
2019-12-27 22:00:00,143.32,144.368,141.003,141.39,172881.0
2020-01-03 22:00:00,141.196,143.497,140.838,143.022,266842.0
2020-01-10 22:00:00,142.804,144.533,142.368,143.292,187349.0
2020-01-17 22:00:00,143.046,144.61,142.722,142.863,187711.0
2020-01-24 22:00:00,142.484,143.29,141.265,143.099,225987.0
2020-01-31 22:00:00,142.897,143.379,140.928,141.432,231838.0
2020-02-07 22:00:00,141.419,143.478,141.246,143.221,184189.0
2020-02-14 22:00:00,143.271,144.961,142.322,144.576,221280.0
2020-02-21 22:00:00,144.046,144.627,137.533,138.533,483447.0
2020-02-28 22:00:00,139.017,139.188,136.442,137.481,623280.0
2020-03-06 22:00:00,136.296,137.214,131.232,132.423,1465571.0
2020-03-13 21:00:00,131.356,133.113,124.044,129.058,1312398.0
2020-03-20 21:00:00,129.366,134.768,127.36,134.382,1009767.0
2020-03-27 21:00:00,133.905,134.627,132.489,133.198,669089.0
2020-04-03 21:00:00,132.563,135.752,132.563,135.078,421674.0
2020-04-10 21:00:00,135.014,135.502,133.642,134.435,330488.0
2020-04-17 21:00:00,134.431,134.726,131.912,132.928,304309.0
2020-04-24 21:00:00,133.025,135.457,131.944,133.587,279697.0
2020-05-01 21:00:00,133.452,133.454,130.66,132.304,254633.0
2020-05-08 21:00:00,132.279,133.195,129.568,129.601,302635.0
2020-05-15 21:00:00,129.403,132.51,129.326,130.933,260993.0
2020-05-22 21:00:00,131.107,133.459,130.934,133.165,306061.0
2020-05-29 21:00:00,133.165,139.743,132.785,138.843,392382.0
2020-06-05 21:00:00,139.035,139.581,133.8,134.662,468358.0
2020-06-12 21:00:00,134.417,136.355,131.948,131.983,423626.0
2020-06-19 21:00:00,131.896,133.99,131.77,132.262,322359.0
2020-06-26 21:00:00,132.212,134.707,131.956,134.178,251677.0
2020-07-03 21:00:00,134.062,135.923,134.019,134.964,253809.0
2020-07-10 21:00:00,134.977,135.485,133.984,134.517,240814.0
2020-07-17 21:00:00,134.517,136.628,134.352,135.794,280983.0
2020-07-24 21:00:00,135.734,139.204,135.15,138.539,349781.0
2020-07-31 21:00:00,138.539,139.24,137.748,138.26,324699.0
2020-08-07 21:00:00,138.268,140.212,138.106,139.494,255696.0
2020-08-14 21:00:00,139.503,139.956,138.253,138.502,282600.0
2020-08-21 21:00:00,138.441,141.617,138.291,140.68,307695.0
2020-08-28 21:00:00,140.661,142.718,140.118,141.094,329841.0
2020-09-04 21:00:00,140.817,140.998,135.575,135.846,312497.0
2020-09-11 21:00:00,135.66,136.59,134.577,135.082,306035.0
2020-09-18 21:00:00,135.24,135.334,133.046,134.573,353922.0
2020-09-25 21:00:00,134.709,137.016,134.368,136.206,362247.0
2020-10-02 21:00:00,136.145,137.844,135.891,137.791,271274.0
2020-10-09 21:00:00,137.75,137.879,135.407,136.14,297188.0
2020-10-16 21:00:00,135.93,137.667,135.93,136.554,264558.0
2020-10-23 21:00:00,136.738,137.068,134.408,135.536,285599.0
2020-10-30 21:00:00,135.131,137.386,134.874,135.974,422195.0
2020-11-06 22:00:00,136.004,140.318,135.774,138.057,362697.0
2020-11-13 22:00:00,138.006,138.872,137.198,137.952,230673.0
2020-11-20 22:00:00,138.023,139.86,137.888,138.61,213257.0
2020-11-27 22:00:00,138.789,140.71,138.425,140.01,301094.0
2020-12-04 22:00:00,139.587,140.334,136.792,137.577,326825.0
2020-12-11 22:00:00,139.024,140.452,138.27,139.81,283469.0
2020-12-18 22:00:00,138.76,141.222,136.972,140.552,277093.0
2020-12-25 22:00:00,140.301,141.254,139.482,141.212,191294.0
2021-01-01 22:00:00,140.799,141.38,139.516,141.086,348359.0
2021-01-08 22:00:00,140.976,142.262,140.344,141.153,260860.0
2021-01-15 22:00:00,141.23,142.336,140.361,141.994,196748.0
2021-01-22 22:00:00,142.053,143.958,141.284,143.522,305580.0
2021-01-29 22:00:00,143.636,144.895,142.842,144.774,272520.0
2021-02-05 22:00:00,144.514,145.48,144.04,145.332,222369.0
2021-02-12 22:00:00,145.331,148.161,145.307,147.715,226413.0
2021-02-19 22:00:00,147.749,150.444,147.408,148.417,363167.0
2021-02-26 22:00:00,148.481,150.733,148.118,149.923,362077.0
2021-03-05 22:00:00,149.72,152.238,149.66,151.776,324819.0
2021-03-12 22:00:00,151.854,152.555,150.568,151.012,286033.0
2021-03-19 21:00:00,150.356,151.546,148.531,151.274,239872.0
2021-03-26 21:00:00,151.274,153.206,150.586,153.136,261954.0
2021-04-02 21:00:00,153.221,153.416,149.594,150.318,237523.0
2021-04-09 21:00:00,150.451,150.831,149.39,150.588,217499.0
2021-04-16 21:00:00,150.477,151.98,149.064,149.69,243798.0
2021-04-23 21:00:00,149.764,152.412,149.541,151.092,247151.0
2021-04-30 21:00:00,151.013,152.236,150.942,151.847,262436.0
2021-05-07 21:00:00,152.127,154.434,151.953,154.139,300345.0
2021-05-14 21:00:00,154.152,154.834,153.541,154.16,265407.0
2021-05-21 21:00:00,154.196,156.078,153.77,155.952,261450.0
2021-05-28 21:00:00,155.807,155.938,154.823,155.086,244501.0
2021-06-04 21:00:00,155.061,155.317,154.134,154.729,214447.0
2021-06-11 21:00:00,154.655,155.489,151.996,152.217,276597.0
2021-06-18 21:00:00,152.262,155.158,151.32,153.815,251886.0
2021-06-25 21:00:00,153.953,154.23,152.616,153.498,237751.0
2021-07-02 21:00:00,153.453,154.076,150.671,153.06,293047.0
2021-07-09 21:00:00,153.054,153.487,151.432,151.528,264945.0
2021-07-16 21:00:00,151.574,152.166,148.459,152.039,297697.0
2021-07-23 21:00:00,152.028,153.45,151.404,152.517,273294.0
2021-07-30 21:00:00,152.517,153.25,151.172,152.934,237891.0
2021-08-06 21:00:00,153.098,153.318,151.93,152.019,214619.0
2021-08-13 21:00:00,152.039,152.208,149.186,149.555,229652.0
2021-08-20 21:00:00,149.521,151.598,149.38,151.189,192293.0
2021-08-27 21:00:00,151.175,152.298,150.952,152.079,180567.0
2021-09-03 21:00:00,152.118,152.641,151.426,152.08,178914.0
2021-09-10 21:00:00,152.114,152.852,150.83,151.066,202163.0
2021-09-17 21:00:00,151.148,151.738,148.956,151.42,247848.0
2021-09-24 21:00:00,151.279,152.576,149.234,150.455,310958.0
2021-10-01 21:00:00,150.365,152.942,150.22,152.807,290018.0
2021-10-08 21:00:00,152.842,157.42,152.751,157.09,263723.0
2021-10-15 21:00:00,157.165,158.222,155.931,156.117,273538.0
2021-10-22 21:00:00,156.115,157.778,155.706,156.007,298269.0
2021-10-29 21:00:00,156.087,156.498,152.813,153.068,292293.0
2021-11-05 21:00:00,152.827,153.75,152.38,152.855,273431.0
2021-11-12 22:00:00,152.885,154.75,152.526,153.308,307569.0
2021-11-19 22:00:00,153.293,154.223,150.718,151.16,376550.0
2021-11-26 22:00:00,151.679,151.916,148.978,149.329,505929.0
2021-12-03 22:00:00,149.504,151.132,149.226,150.395,335445.0
2021-12-10 22:00:00,150.325,152.638,149.767,150.522,309422.0
2021-12-17 22:00:00,150.458,153.712,149.532,153.225,215312.0
2021-12-24 22:00:00,153.163,156.018,153.105,155.734,148732.0
2021-12-31 22:00:00,155.75,157.771,154.89,157.038,245047.0
2022-01-07 22:00:00,157.2,157.712,155.464,156.22,275443.0
2022-01-14 22:00:00,156.162,156.91,153.912,154.102,298944.0
2022-01-21 22:00:00,154.073,154.964,152.91,154.436,380089.0
2022-01-28 22:00:00,154.467,156.506,154.398,155.904,325939.0
2022-02-04 22:00:00,156.084,158.07,155.14,156.598,323943.0
2022-02-11 22:00:00,156.356,157.296,155.308,156.359,1283391.0
2022-02-18 22:00:00,156.397,156.781,153.372,154.978,1514879.0
2022-02-25 22:00:00,153.87,155.234,151.472,151.976,1539938.0
2022-03-04 22:00:00,152.039,153.405,150.983,152.914,1615910.0
2022-03-11 22:00:00,153.071,157.228,152.916,157.019,1306734.0
2022-03-18 21:00:00,156.972,161.502,156.382,160.922,1284088.0
2022-03-25 21:00:00,160.988,164.658,159.047,160.73,2128915.0
2022-04-01 21:00:00,160.648,162.365,160.284,162.028,1339044.0
2022-04-08 21:00:00,161.707,165.456,161.651,165.16,1675489.0
2022-04-15 21:00:00,165.048,168.438,164.644,165.102,1807276.0
2022-04-22 21:00:00,165.025,165.33,159.626,163.232,2356801.0
2022-04-29 21:00:00,163.279,163.904,160.323,161.041,2024699.0
2022-05-06 21:00:00,161.201,162.191,155.601,158.477,2217673.0
2022-05-13 21:00:00,158.314,161.857,157.436,159.866,2015662.0
2022-05-20 21:00:00,159.643,161.021,157.993,160.568,1689041.0
2022-05-27 21:00:00,160.394,164.102,160.327,163.382,1433999.0
2022-06-03 21:00:00,163.515,168.734,162.912,165.534,1905282.0
2022-06-10 21:00:00,165.517,166.228,160.0,164.938,2249265.0
2022-06-17 21:00:00,164.911,167.854,164.478,165.997,1311262.0
2022-06-24 21:00:00,165.786,166.944,161.58,163.517,1395282.0
2022-07-01 21:00:00,163.764,165.286,160.394,163.769,1329605.0
2022-07-08 21:00:00,163.486,165.198,161.837,164.418,1416821.0
2022-07-15 21:00:00,164.44,166.252,163.007,163.401,1277373.0
2022-07-22 21:00:00,163.447,166.337,161.538,162.297,1261578.0
2022-07-29 21:00:00,162.253,163.957,159.447,162.967,1336457.0
2022-08-05 21:00:00,163.026,163.85,161.267,162.029,1066910.0
2022-08-12 21:00:00,161.924,163.57,160.093,161.954,1010978.0
2022-08-19 21:00:00,161.967,162.694,160.808,161.546,1101937.0
2022-08-26 21:00:00,161.516,162.652,160.899,161.439,1155970.0
2022-09-02 21:00:00,161.004,166.325,160.664,165.293,1299515.0
2022-09-09 21:00:00,165.392,168.166,162.744,163.213,1184652.0
2022-09-16 21:00:00,163.241,164.446,155.434,155.529,1308860.0
2022-09-23 21:00:00,155.138,162.182,149.048,161.65,2045811.0
2022-09-30 21:00:00,161.688,165.722,160.583,161.327,1675608.0
2022-10-07 21:00:00,161.086,167.292,159.732,166.298,1718669.0
2022-10-14 21:00:00,166.983,170.1,164.964,166.817,1737885.0
2022-10-21 21:00:00,168.113,171.378,165.543,171.266,1692180.0
2022-10-28 21:00:00,171.278,172.136,165.095,166.804,1664804.0
2022-11-04 21:00:00,166.425,169.096,163.046,164.355,1767912.0
2022-11-11 22:00:00,164.372,167.322,163.691,166.832,1820157.0
2022-11-18 22:00:00,166.971,169.028,166.11,168.282,1344755.0
2022-11-25 22:00:00,168.102,168.348,164.04,165.145,1657014.0
2022-12-02 22:00:00,165.212,168.061,164.906,167.46,1462685.0
2022-12-09 22:00:00,167.392,169.283,165.813,165.938,1573887.0
2022-12-16 22:00:00,165.221,167.039,158.602,160.029,1492599.0
2022-12-23 22:00:00,160.265,162.344,157.84,158.578,909375.0
2022-12-30 22:00:00,158.051,160.179,155.356,159.731,1325384.0
2023-01-06 22:00:00,159.476,161.242,155.648,156.287,1499519.0
2023-01-13 22:00:00,156.18,161.534,156.088,160.64,1454908.0
2023-01-20 22:00:00,160.614,161.812,159.512,160.873,1218308.0
2023-01-27 22:00:00,160.717,161.424,156.734,158.144,1282922.0
2023-02-03 22:00:00,159.321,159.956,157.434,158.472,1301662.0
2023-02-10 22:00:00,158.472,162.183,158.415,161.564,1316670.0
2023-02-17 22:00:00,161.509,163.76,161.173,162.971,1187972.0
2023-02-24 22:00:00,163.153,166.018,162.612,163.59,1136515.0
2023-03-03 22:00:00,163.655,164.305,161.616,162.57,1142469.0
2023-03-10 22:00:00,162.365,164.145,158.562,160.636,1788376.0
2023-03-17 21:00:00,161.035,163.344,158.266,159.871,1333374.0
2023-03-24 21:00:00,159.703,165.475,159.671,163.774,1005081.0
2023-03-31 21:00:00,164.405,166.412,162.776,164.098,895052.0
2023-04-07 21:00:00,164.184,166.86,163.816,166.058,890933.0
2023-04-14 21:00:00,166.14,167.978,165.516,166.886,854912.0
2023-04-21 21:00:00,166.815,171.176,165.428,171.139,994919.0
2023-04-28 21:00:00,171.03,172.334,168.06,170.298,1022859.0
2023-05-05 21:00:00,170.44,171.182,167.842,168.968,861802.0
2023-05-12 21:00:00,169.024,172.508,168.913,171.697,849194.0
2023-05-19 21:00:00,171.738,173.74,171.202,173.632,981503.0
2023-05-26 21:00:00,173.556,174.682,172.53,174.269,844330.0
2023-06-02 21:00:00,174.4,175.548,172.673,175.351,795832.0
2023-06-09 21:00:00,175.167,182.047,174.354,181.936,949719.0
2023-06-16 21:00:00,181.746,182.948,179.926,182.74,953609.0
2023-06-23 21:00:00,182.435,183.88,181.69,183.268,1015851.0
2023-06-30 21:00:00,183.296,184.02,182.018,182.505,843165.0
2023-07-07 21:00:00,182.514,183.224,179.47,181.728,977111.0
2023-07-14 21:00:00,181.728,182.532,179.742,182.313,979244.0
2023-07-21 21:00:00,182.114,182.348,176.319,181.393,1132974.0
2023-07-28 21:00:00,181.162,183.254,180.46,180.756,1160115.0
2023-08-04 21:00:00,180.726,184.251,180.585,184.03,1139832.0
2023-08-11 21:00:00,184.016,186.474,183.464,185.205,1113388.0
2023-08-18 21:00:00,185.085,186.771,183.357,184.177,814023.0
2023-08-25 21:00:00,184.322,186.062,183.541,184.072,886684.0
2023-09-01 21:00:00,184.023,185.78,183.07,184.196,756593.0
2023-09-08 21:00:00,183.432,184.392,182.519,183.086,883909.0
2023-09-15 21:00:00,183.016,183.493,180.814,181.602,826779.0
2023-09-22 21:00:00,181.61,183.022,180.888,182.288,867136.0
2023-09-29 21:00:00,182.427,182.982,178.086,182.73,902096.0
2023-10-06 21:00:00,181.982,183.82,181.256,181.643,909491.0
2023-10-13 21:00:00,181.352,182.813,181.074,182.307,853166.0
2023-10-20 21:00:00,182.24,183.758,181.048,181.388,824255.0
2023-10-27 21:00:00,181.271,185.02,180.77,184.953,869391.0
2023-11-03 21:00:00,184.828,185.966,184.552,185.27,765190.0
2023-11-10 22:00:00,185.271,188.29,185.113,186.48,800531.0
2023-11-17 22:00:00,186.4,188.666,184.465,188.383,713323.0
2023-11-24 22:00:00,188.329,188.53,186.193,186.599,903100.0
2023-12-01 22:00:00,186.316,186.57,178.604,181.93,1035619.0
2023-12-08 22:00:00,181.758,184.328,178.34,180.244,1070727.0
2023-12-15 22:00:00,180.262,184.181,179.787,180.832,1032064.0
2023-12-22 22:00:00,180.668,182.197,179.002,179.55,534117.0
2023-12-29 22:00:00,179.278,184.31,178.742,183.96,800062.0
2024-01-05 22:00:00,183.977,186.168,182.758,184.788,945330.0
2024-01-12 22:00:00,184.79,188.938,184.673,188.238,1038639.0
2024-01-19 22:00:00,188.169,188.923,187.126,188.172,931436.0
2024-01-26 22:00:00,188.061,188.298,185.229,187.442,984666.0
2024-02-02 22:00:00,187.452,188.869,186.176,188.542,841071.0
2024-02-09 22:00:00,188.494,190.084,187.859,189.258,847081.0
2024-02-16 22:00:00,189.296,191.148,188.908,190.74,809891.0
2024-02-23 22:00:00,190.702,191.326,189.045,189.962,906466.0
2024-03-01 22:00:00,189.936,191.194,188.244,189.092,944439.0
2024-03-08 22:00:00,189.138,190.027,187.963,189.838,852534.0
2024-03-15 21:00:00,189.697,193.538,189.54,190.813,881439.0
2024-03-22 21:00:00,190.745,191.679,190.344,191.026,598277.0
2024-03-29 21:00:00,191.03,192.252,190.046,191.631,668030.0
2024-04-05 21:00:00,191.488,192.978,189.994,190.842,799593.0
2024-04-12 21:00:00,190.838,192.844,190.306,191.29,965591.0
2024-04-19 21:00:00,191.29,197.936,190.32,197.844,790291.0
2024-04-26 21:00:00,197.471,200.561,191.37,191.948,1114358.0
2024-05-03 21:00:00,191.907,195.343,191.753,195.106,747733.0
2024-05-10 21:00:00,194.918,197.862,194.742,197.696,737043.0
2024-05-17 21:00:00,197.614,200.069,197.39,199.942,747872.0
2024-05-24 21:00:00,200.004,200.744,198.756,200.436,751781.0
2024-05-31 21:00:00,200.36,200.652,197.206,199.403,911061.0
2024-06-07 21:00:00,199.532,201.619,198.928,199.684,897563.0
2024-06-14 21:00:00,199.683,202.072,199.064,202.036,689026.0
2024-06-21 21:00:00,201.998,203.596,201.134,203.455,785990.0
2024-06-28 21:00:00,203.523,206.452,203.26,206.076,682162.0
2024-07-05 21:00:00,205.721,208.12,203.84,205.079,820061.0
2024-07-12 21:00:00,205.116,205.791,202.102,203.364,870451.0
2024-07-19 21:00:00,203.241,203.616,195.863,197.854,1056078.0
2024-07-26 21:00:00,197.806,199.48,187.388,187.63,1484577.0
2024-08-02 21:00:00,187.62,188.427,180.102,187.065,1909770.0
2024-08-09 21:00:00,186.973,192.022,186.973,191.075,1006905.0
2024-08-16 21:00:00,190.977,192.036,188.238,190.805,1253319.0
2024-08-23 21:00:00,190.638,192.022,189.504,191.908,1166225.0
2024-08-30 21:00:00,191.868,193.49,186.516,186.854,1237719.0
2024-09-06 21:00:00,186.808,188.132,183.721,184.834,1379150.0
2024-09-13 21:00:00,184.772,191.996,183.771,191.729,1495020.0
2024-09-20 21:00:00,191.683,195.974,190.006,190.2,1463311.0
2024-09-27 21:00:00,190.154,195.532,189.565,195.19,1621791.0
2024-10-04 21:00:00,195.184,195.629,192.888,194.896,1367620.0
2024-10-11 21:00:00,194.822,196.052,193.704,195.15,1178779.0
2024-10-18 21:00:00,195.048,198.442,194.57,197.42,1534111.0
2024-10-25 21:00:00,198.621,199.811,195.376,197.628,1773787.0
2024-11-01 21:00:00,197.613,199.564,196.502,197.194,2120689.0
2024-11-08 22:00:00,197.194,198.469,194.296,194.808,1794705.0
2024-11-15 22:00:00,194.808,197.79,192.852,193.966,1879021.0
2024-11-22 22:00:00,194.228,194.632,190.157,190.695,1689977.0
2024-11-29 22:00:00,190.458,192.378,188.088,191.208,1639231.0
2024-12-06 22:00:00,191.142,195.004,190.607,193.914,1408160.0
2024-12-13 22:00:00,193.87,198.958,193.66,196.578,1461791.0
2024-12-20 22:00:00,196.454,198.718,196.42,198.562,817665.0
2024-12-27 22:00:00,198.47,198.96,194.197,195.418,1061161.0
2025-01-03 22:00:00,195.402,198.257,192.207,192.566,1486125.0
2025-01-10 22:00:00,192.598,193.033,189.334,190.178,1539535.0
2025-01-17 22:00:00,190.262,194.762,189.892,194.706,1508143.0
2025-01-24 22:00:00,194.226,194.654,191.19,192.338,1607096.0
2025-01-31 22:00:00,190.712,193.178,187.054,187.768,1710240.0
2025-02-07 22:00:00,187.338,193.06,187.13,191.714,1424961.0
2025-02-14 22:00:00,191.692,192.191,188.152,188.614,1368835.0
2025-02-21 22:00:00,188.527,190.316,187.682,189.45,1819171.0
2025-02-28 22:00:00,189.699,192.558,188.252,191.306,2187331.0
2025-03-07 22:00:00,190.83,193.114,188.8,192.284,1880040.0
2025-03-14 21:00:00,192.269,194.908,191.968,192.844,1311534.0
2025-03-21 21:00:00,192.664,195.982,192.651,193.92,1189813.0
2025-03-28 21:00:00,193.821,195.779,187.532,189.528,2010979.0
2025-04-04 21:00:00,186.976,190.102,184.383,187.754,2998062.0
2025-04-11 21:00:00,188.45,189.664,186.589,188.99,2192027.0
2025-04-18 21:00:00,188.582,191.726,187.472,191.26,1328351.0
2025-04-25 21:00:00,191.069,193.762,189.99,192.39,1239900.0
2025-05-02 21:00:00,191.95,193.504,190.33,193.408,1115855.0
2025-05-09 21:00:00,193.931,196.413,193.042,193.426,1168502.0
2025-05-16 21:00:00,192.924,194.217,191.897,193.002,1088640.0
2025-05-23 21:00:00,192.776,196.32,192.688,193.818,996109.0
2025-05-30 21:00:00,193.712,196.191,192.73,195.926,1062906.0
2025-06-06 21:00:00,196.008,196.45,193.766,195.611,1057370.0
2025-06-13 21:00:00,195.353,196.85,194.022,196.504,1208505.0
2025-06-20 21:00:00,196.622,198.81,196.162,198.467,1402171.0
2025-06-27 21:00:00,197.921,198.466,195.359,197.231,1301169.0
2025-07-04 21:00:00,197.269,199.834,196.791,198.91,1122408.0
2025-07-11 21:00:00,198.6,199.976,197.952,199.576,958468.0
2025-07-18 21:00:00,198.668,199.43,197.434,198.43,1037315.0
2025-07-25 21:00:00,198.452,199.522,195.34,195.732,1250146.0
2025-08-01 21:00:00,195.647,198.828,195.032,198.722,1017635.0
2025-08-08 21:00:00,198.482,200.283,198.184,199.45,911947.0
2025-08-15 21:00:00,199.536,200.272,197.862,198.75,899530.0
2025-08-22 21:00:00,198.582,199.3,197.948,198.572,931232.0
2025-08-29 21:00:00,198.432,200.274,198.324,199.116,990043.0
2025-09-05 21:00:00,200.108,200.491,198.796,200.206,1044595.0
2025-09-12 21:00:00,200.162,201.272,199.212,199.31,1098454.0
2025-09-19 21:00:00,199.318,200.518,199.156,200.366,1049741.0
2025-09-26 21:00:00,200.284,200.424,197.49,198.806,1044392.0
2025-10-03 21:00:00,200.827,205.328,200.238,201.954,1195489.0
2025-10-10 21:00:00,202.748,203.52,200.685,202.26,1236731.0
2025-10-17 21:00:00,202.098,203.989,201.82,203.504,1077888.0
2025-10-24 21:00:00,203.697,204.248,200.568,202.546,1208549.0
2025-10-31 21:00:00,202.248,202.804,199.07,201.954,1052932.0
2025-11-07 22:00:00,202.328,204.078,201.777,203.572,1076961.0
2025-11-14 22:00:00,203.418,206.863,203.138,204.855,1239208.0
2025-11-21 22:00:00,204.974,207.228,204.93,206.645,1312009.0
2025-11-28 22:00:00,206.496,207.362,205.203,207.094,1114881.0
2025-12-05 22:00:00,206.863,208.946,206.598,208.378,985133.0
